TeamKey,MetricKey,QuarterKey,Value
portal,openSncs,1,18
portal,openSncs,2,16
portal,openSncs,3,15
portal,openSncs,4,15
portal,openSncs,5,14
portal,openSncs,6,13
portal,sncAge,1,14
portal,sncAge,2,17
portal,sncAge,3,20
portal,sncAge,4,21
portal,sncAge,5,24
portal,sncAge,6,25
portal,repeatSncs,1,5
portal,repeatSncs,2,5
portal,repeatSncs,3,7
portal,repeatSncs,4,9
portal,repeatSncs,5,11
portal,repeatSncs,6,12
portal,p1p2Incidents,1,6
portal,p1p2Incidents,2,6
portal,p1p2Incidents,3,8
portal,p1p2Incidents,4,8
portal,p1p2Incidents,5,9
portal,p1p2Incidents,6,10
portal,majorIncidents,1,0
portal,majorIncidents,2,1
portal,majorIncidents,3,1
portal,majorIncidents,4,2
portal,majorIncidents,5,2
portal,majorIncidents,6,2
portal,mttr,1,6
portal,mttr,2,7
portal,mttr,3,7
portal,mttr,4,8
portal,mttr,5,8
portal,mttr,6,9
portal,repeatIncidents,1,28
portal,repeatIncidents,2,26
portal,repeatIncidents,3,25
portal,repeatIncidents,4,23
portal,repeatIncidents,5,22
portal,repeatIncidents,6,21
portal,incidentBacklog,1,6
portal,incidentBacklog,2,7
portal,incidentBacklog,3,7
portal,incidentBacklog,4,9
portal,incidentBacklog,5,9
portal,incidentBacklog,6,10
portal,openProblems,1,19
portal,openProblems,2,19
portal,openProblems,3,17
portal,openProblems,4,16
portal,openProblems,5,16
portal,openProblems,6,14
portal,rcaOverdue,1,0
portal,rcaOverdue,2,1
portal,rcaOverdue,3,1
portal,rcaOverdue,4,1
portal,rcaOverdue,5,2
portal,rcaOverdue,6,2
portal,knownErrors,1,5
portal,knownErrors,2,7
portal,knownErrors,3,8
portal,knownErrors,4,9
portal,knownErrors,5,10
portal,knownErrors,6,12
portal,problemAge,1,7
portal,problemAge,2,14
portal,problemAge,3,16
portal,problemAge,4,22
portal,problemAge,5,29
portal,problemAge,6,31
portal,problemLinkage,1,75
portal,problemLinkage,2,75
portal,problemLinkage,3,72
portal,problemLinkage,4,69
portal,problemLinkage,5,68
portal,problemLinkage,6,65
portal,serviceMaturity,1,3.0250000000000004
portal,serviceMaturity,2,2.9750000000000005
portal,serviceMaturity,3,3.0749999999999997
portal,serviceMaturity,4,3.0500000000000003
portal,serviceMaturity,5,3.05
portal,serviceMaturity,6,3.125
portal,triageMaturity,1,3.2
portal,triageMaturity,2,3.2
portal,triageMaturity,3,3.4
portal,triageMaturity,4,3.3
portal,triageMaturity,5,3.5
portal,triageMaturity,6,3.5
portal,incidentMaturity,1,3.1
portal,incidentMaturity,2,3.1
portal,incidentMaturity,3,3.3
portal,incidentMaturity,4,3.3
portal,incidentMaturity,5,3.3
portal,incidentMaturity,6,3.5
portal,recoveryMaturity,1,2.4
portal,recoveryMaturity,2,2.4
portal,recoveryMaturity,3,2.6
portal,recoveryMaturity,4,2.7
portal,recoveryMaturity,5,2.8
portal,recoveryMaturity,6,2.9
portal,resolutionMaturity,1,3.4
portal,resolutionMaturity,2,3.2
portal,resolutionMaturity,3,3
portal,resolutionMaturity,4,2.9
portal,resolutionMaturity,5,2.6
portal,resolutionMaturity,6,2.6
portal,runbookCoverage,1,89
portal,runbookCoverage,2,88
portal,runbookCoverage,3,87
portal,runbookCoverage,4,85
portal,runbookCoverage,5,82
portal,runbookCoverage,6,81
portal,mtta,1,14
portal,mtta,2,15
portal,mtta,3,16
portal,mtta,4,17
portal,mtta,5,19
portal,mtta,6,22
portal,techDebt,1,34
portal,techDebt,2,39
portal,techDebt,3,43
portal,techDebt,4,45
portal,techDebt,5,48
portal,techDebt,6,53
portal,archExceptions,1,1
portal,archExceptions,2,1
portal,archExceptions,3,2
portal,archExceptions,4,2
portal,archExceptions,5,3
portal,archExceptions,6,3
portal,strategicAlignment,1,54
portal,strategicAlignment,2,56
portal,strategicAlignment,3,58
portal,strategicAlignment,4,61
portal,strategicAlignment,5,63
portal,strategicAlignment,6,65
portal,brams,1,3
portal,brams,2,4
portal,brams,3,4
portal,brams,4,4
portal,brams,5,5
portal,brams,6,5
portal,techRisks,1,8
portal,techRisks,2,8
portal,techRisks,3,9
portal,techRisks,4,10
portal,techRisks,5,11
portal,techRisks,6,11
portal,riskTrend,1,0
portal,riskTrend,2,1
portal,riskTrend,3,1
portal,riskTrend,4,1
portal,riskTrend,5,1
portal,riskTrend,6,2
portal,vulns,1,9
portal,vulns,2,11
portal,vulns,3,14
portal,vulns,4,16
portal,vulns,5,19
portal,vulns,6,20
portal,patchCompliance,1,98
portal,patchCompliance,2,95
portal,patchCompliance,3,94
portal,patchCompliance,4,91
portal,patchCompliance,5,88
portal,patchCompliance,6,86
portal,criticalFindings,1,2
portal,criticalFindings,2,1
portal,criticalFindings,3,1
portal,criticalFindings,4,1
portal,criticalFindings,5,0
portal,criticalFindings,6,0
portal,drCompliance,1,64
portal,drCompliance,2,65
portal,drCompliance,3,69
portal,drCompliance,4,71
portal,drCompliance,5,74
portal,drCompliance,6,75
portal,resilienceActions,1,4
portal,resilienceActions,2,4
portal,resilienceActions,3,5
portal,resilienceActions,4,5
portal,resilienceActions,5,6
portal,resilienceActions,6,6
portal,controlHealth,1,67
portal,controlHealth,2,71
portal,controlHealth,3,73
portal,controlHealth,4,75
portal,controlHealth,5,77
portal,controlHealth,6,79
portal,failedChanges,1,3
portal,failedChanges,2,3
portal,failedChanges,3,4
portal,failedChanges,4,5
portal,failedChanges,5,5
portal,failedChanges,6,5
portal,changeSuccess,1,88
portal,changeSuccess,2,88
portal,changeSuccess,3,84
portal,changeSuccess,4,83
portal,changeSuccess,5,82
portal,changeSuccess,6,78
portal,releases,1,3
portal,releases,2,4
portal,releases,3,4
portal,releases,4,5
portal,releases,5,5
portal,releases,6,6
portal,emergencyChanges,1,6
portal,emergencyChanges,2,6
portal,emergencyChanges,3,7
portal,emergencyChanges,4,9
portal,emergencyChanges,5,11
portal,emergencyChanges,6,12
portal,changeLeadTime,1,2
portal,changeLeadTime,2,3
portal,changeLeadTime,3,4
portal,changeLeadTime,4,4
portal,changeLeadTime,5,5
portal,changeLeadTime,6,6
portal,applications,1,5
portal,applications,2,7
portal,applications,3,9
portal,applications,4,8
portal,applications,5,11
portal,applications,6,13
portal,infraFootprint,1,50
portal,infraFootprint,2,51
portal,infraFootprint,3,69
portal,infraFootprint,4,74
portal,infraFootprint,5,79
portal,infraFootprint,6,92
portal,currency,1,99
portal,currency,2,94
portal,currency,3,93
portal,currency,4,91
portal,currency,5,89
portal,currency,6,87
portal,cloudMigration,1,70
portal,cloudMigration,2,68
portal,cloudMigration,3,66
portal,cloudMigration,4,64
portal,cloudMigration,5,60
portal,cloudMigration,6,59
portal,endOfSupport,1,4
portal,endOfSupport,2,4
portal,endOfSupport,3,5
portal,endOfSupport,4,5
portal,endOfSupport,5,6
portal,endOfSupport,6,7
portal,auditActions,1,6
portal,auditActions,2,6
portal,auditActions,3,5
portal,auditActions,4,5
portal,auditActions,5,4
portal,auditActions,6,4
portal,regActions,1,3
portal,regActions,2,2
portal,regActions,3,2
portal,regActions,4,2
portal,regActions,5,1
portal,regActions,6,1
portal,overdueActions,1,1
portal,overdueActions,2,1
portal,overdueActions,3,2
portal,overdueActions,4,2
portal,overdueActions,5,3
portal,overdueActions,6,3
portal,milestones,1,15
portal,milestones,2,14
portal,milestones,3,13
portal,milestones,4,11
portal,milestones,5,11
portal,milestones,6,10
portal,roadmapHealth,1,80
portal,roadmapHealth,2,80
portal,roadmapHealth,3,77
portal,roadmapHealth,4,74
portal,roadmapHealth,5,72
portal,roadmapHealth,6,70
portal,commitmentsAtRisk,1,2
portal,commitmentsAtRisk,2,2
portal,commitmentsAtRisk,3,3
portal,commitmentsAtRisk,4,3
portal,commitmentsAtRisk,5,3
portal,commitmentsAtRisk,6,4
portal,vacancies,1,3
portal,vacancies,2,3
portal,vacancies,3,2
portal,vacancies,4,2
portal,vacancies,5,1
portal,vacancies,6,1
portal,skillsRisks,1,6
portal,skillsRisks,2,6
portal,skillsRisks,3,5
portal,skillsRisks,4,5
portal,skillsRisks,5,4
portal,skillsRisks,6,4
portal,contractorDependency,1,15
portal,contractorDependency,2,17
portal,contractorDependency,3,19
portal,contractorDependency,4,20
portal,contractorDependency,5,22
portal,contractorDependency,6,23
portal,runCostVsBudget,1,103
portal,runCostVsBudget,2,105
portal,runCostVsBudget,3,107
portal,runCostVsBudget,4,108
portal,runCostVsBudget,5,109
portal,runCostVsBudget,6,111
portal,cloudSpendTrend,1,1
portal,cloudSpendTrend,2,4
portal,cloudSpendTrend,3,5
portal,cloudSpendTrend,4,5
portal,cloudSpendTrend,5,7
portal,cloudSpendTrend,6,9
portal,orphanedSpend,1,13200
portal,orphanedSpend,2,12500
portal,orphanedSpend,3,11800
portal,orphanedSpend,4,10900
portal,orphanedSpend,5,9700
portal,orphanedSpend,6,9200
portal,sloAttainment,1,94
portal,sloAttainment,2,91
portal,sloAttainment,3,90
portal,sloAttainment,4,88
portal,sloAttainment,5,86
portal,sloAttainment,6,84
portal,monitoringCoverage,1,93
portal,monitoringCoverage,2,92
portal,monitoringCoverage,3,88
portal,monitoringCoverage,4,87
portal,monitoringCoverage,5,84
portal,monitoringCoverage,6,83
portal,alertNoise,1,71
portal,alertNoise,2,69
portal,alertNoise,3,67
portal,alertNoise,4,63
portal,alertNoise,5,63
portal,alertNoise,6,60
claims,openSncs,1,10
claims,openSncs,2,9
claims,openSncs,3,8
claims,openSncs,4,8
claims,openSncs,5,6
claims,openSncs,6,6
claims,sncAge,1,26
claims,sncAge,2,22
claims,sncAge,3,21
claims,sncAge,4,20
claims,sncAge,5,19
claims,sncAge,6,16
claims,repeatSncs,1,11
claims,repeatSncs,2,11
claims,repeatSncs,3,12
claims,repeatSncs,4,13
claims,repeatSncs,5,15
claims,repeatSncs,6,16
claims,p1p2Incidents,1,6
claims,p1p2Incidents,2,7
claims,p1p2Incidents,3,8
claims,p1p2Incidents,4,9
claims,p1p2Incidents,5,9
claims,p1p2Incidents,6,10
claims,majorIncidents,1,4
claims,majorIncidents,2,4
claims,majorIncidents,3,4
claims,majorIncidents,4,4
claims,majorIncidents,5,3
claims,majorIncidents,6,3
claims,mttr,1,1
claims,mttr,2,2
claims,mttr,3,2
claims,mttr,4,3
claims,mttr,5,4
claims,mttr,6,4
claims,repeatIncidents,1,8
claims,repeatIncidents,2,9
claims,repeatIncidents,3,10
claims,repeatIncidents,4,12
claims,repeatIncidents,5,12
claims,repeatIncidents,6,14
claims,incidentBacklog,1,2
claims,incidentBacklog,2,3
claims,incidentBacklog,3,3
claims,incidentBacklog,4,3
claims,incidentBacklog,5,5
claims,incidentBacklog,6,5
claims,openProblems,1,10
claims,openProblems,2,9
claims,openProblems,3,8
claims,openProblems,4,8
claims,openProblems,5,7
claims,openProblems,6,6
claims,rcaOverdue,1,0
claims,rcaOverdue,2,0
claims,rcaOverdue,3,0
claims,rcaOverdue,4,0
claims,rcaOverdue,5,1
claims,rcaOverdue,6,1
claims,knownErrors,1,18
claims,knownErrors,2,17
claims,knownErrors,3,15
claims,knownErrors,4,14
claims,knownErrors,5,13
claims,knownErrors,6,12
claims,problemAge,1,1
claims,problemAge,2,1
claims,problemAge,3,7
claims,problemAge,4,10
claims,problemAge,5,12
claims,problemAge,6,17
claims,problemLinkage,1,68
claims,problemLinkage,2,70
claims,problemLinkage,3,70
claims,problemLinkage,4,72
claims,problemLinkage,5,75
claims,problemLinkage,6,76
claims,serviceMaturity,1,3.7
claims,serviceMaturity,2,3.75
claims,serviceMaturity,3,3.7749999999999995
claims,serviceMaturity,4,3.875
claims,serviceMaturity,5,3.9
claims,serviceMaturity,6,3.95
claims,triageMaturity,1,3.5
claims,triageMaturity,2,3.7
claims,triageMaturity,3,3.8
claims,triageMaturity,4,4.1
claims,triageMaturity,5,4.2
claims,triageMaturity,6,4.3
claims,incidentMaturity,1,4.9
claims,incidentMaturity,2,4.8
claims,incidentMaturity,3,4.6
claims,incidentMaturity,4,4.5
claims,incidentMaturity,5,4.3
claims,incidentMaturity,6,4.3
claims,recoveryMaturity,1,3.4
claims,recoveryMaturity,2,3.4
claims,recoveryMaturity,3,3.6
claims,recoveryMaturity,4,3.5
claims,recoveryMaturity,5,3.7
claims,recoveryMaturity,6,3.7
claims,resolutionMaturity,1,3
claims,resolutionMaturity,2,3.1
claims,resolutionMaturity,3,3.1
claims,resolutionMaturity,4,3.4
claims,resolutionMaturity,5,3.4
claims,resolutionMaturity,6,3.5
claims,runbookCoverage,1,93
claims,runbookCoverage,2,91
claims,runbookCoverage,3,92
claims,runbookCoverage,4,90
claims,runbookCoverage,5,88
claims,runbookCoverage,6,86
claims,mtta,1,17
claims,mtta,2,14
claims,mtta,3,13
claims,mtta,4,10
claims,mtta,5,11
claims,mtta,6,9
claims,techDebt,1,48
claims,techDebt,2,47
claims,techDebt,3,42
claims,techDebt,4,39
claims,techDebt,5,37
claims,techDebt,6,34
claims,archExceptions,1,1
claims,archExceptions,2,1
claims,archExceptions,3,2
claims,archExceptions,4,2
claims,archExceptions,5,3
claims,archExceptions,6,3
claims,strategicAlignment,1,69
claims,strategicAlignment,2,70
claims,strategicAlignment,3,73
claims,strategicAlignment,4,74
claims,strategicAlignment,5,78
claims,strategicAlignment,6,79
claims,brams,1,2
claims,brams,2,3
claims,brams,3,3
claims,brams,4,3
claims,brams,5,3
claims,brams,6,4
claims,techRisks,1,3
claims,techRisks,2,3
claims,techRisks,3,5
claims,techRisks,4,5
claims,techRisks,5,5
claims,techRisks,6,6
claims,riskTrend,1,4
claims,riskTrend,2,3
claims,riskTrend,3,3
claims,riskTrend,4,2
claims,riskTrend,5,2
claims,riskTrend,6,2
claims,vulns,1,9
claims,vulns,2,10
claims,vulns,3,12
claims,vulns,4,14
claims,vulns,5,15
claims,vulns,6,17
claims,patchCompliance,1,100
claims,patchCompliance,2,98
claims,patchCompliance,3,98
claims,patchCompliance,4,94
claims,patchCompliance,5,93
claims,patchCompliance,6,91
claims,criticalFindings,1,0
claims,criticalFindings,2,1
claims,criticalFindings,3,1
claims,criticalFindings,4,1
claims,criticalFindings,5,2
claims,criticalFindings,6,2
claims,drCompliance,1,90
claims,drCompliance,2,87
claims,drCompliance,3,85
claims,drCompliance,4,83
claims,drCompliance,5,82
claims,drCompliance,6,80
claims,resilienceActions,1,2
claims,resilienceActions,2,2
claims,resilienceActions,3,3
claims,resilienceActions,4,3
claims,resilienceActions,5,3
claims,resilienceActions,6,4
claims,controlHealth,1,81
claims,controlHealth,2,84
claims,controlHealth,3,85
claims,controlHealth,4,86
claims,controlHealth,5,89
claims,controlHealth,6,91
claims,failedChanges,1,1
claims,failedChanges,2,2
claims,failedChanges,3,2
claims,failedChanges,4,2
claims,failedChanges,5,3
claims,failedChanges,6,3
claims,changeSuccess,1,100
claims,changeSuccess,2,100
claims,changeSuccess,3,100
claims,changeSuccess,4,100
claims,changeSuccess,5,100
claims,changeSuccess,6,98
claims,releases,1,9
claims,releases,2,8
claims,releases,3,7
claims,releases,4,7
claims,releases,5,6
claims,releases,6,6
claims,emergencyChanges,1,7
claims,emergencyChanges,2,9
claims,emergencyChanges,3,11
claims,emergencyChanges,4,11
claims,emergencyChanges,5,13
claims,emergencyChanges,6,14
claims,changeLeadTime,1,9
claims,changeLeadTime,2,8
claims,changeLeadTime,3,8
claims,changeLeadTime,4,7
claims,changeLeadTime,5,7
claims,changeLeadTime,6,6
claims,applications,1,2
claims,applications,2,2
claims,applications,3,5
claims,applications,4,7
claims,applications,5,7
claims,applications,6,9
claims,infraFootprint,1,48
claims,infraFootprint,2,51
claims,infraFootprint,3,53
claims,infraFootprint,4,69
claims,infraFootprint,5,69
claims,infraFootprint,6,82
claims,currency,1,94
claims,currency,2,93
claims,currency,3,90
claims,currency,4,86
claims,currency,5,87
claims,currency,6,84
claims,cloudMigration,1,47
claims,cloudMigration,2,48
claims,cloudMigration,3,52
claims,cloudMigration,4,54
claims,cloudMigration,5,55
claims,cloudMigration,6,57
claims,endOfSupport,1,13
claims,endOfSupport,2,12
claims,endOfSupport,3,11
claims,endOfSupport,4,10
claims,endOfSupport,5,9
claims,endOfSupport,6,9
claims,auditActions,1,1
claims,auditActions,2,2
claims,auditActions,3,2
claims,auditActions,4,2
claims,auditActions,5,3
claims,auditActions,6,3
claims,regActions,1,0
claims,regActions,2,0
claims,regActions,3,0
claims,regActions,4,1
claims,regActions,5,1
claims,regActions,6,1
claims,overdueActions,1,4
claims,overdueActions,2,3
claims,overdueActions,3,3
claims,overdueActions,4,3
claims,overdueActions,5,2
claims,overdueActions,6,2
claims,milestones,1,6
claims,milestones,2,7
claims,milestones,3,8
claims,milestones,4,9
claims,milestones,5,9
claims,milestones,6,10
claims,roadmapHealth,1,92
claims,roadmapHealth,2,89
claims,roadmapHealth,3,87
claims,roadmapHealth,4,85
claims,roadmapHealth,5,85
claims,roadmapHealth,6,82
claims,commitmentsAtRisk,1,2
claims,commitmentsAtRisk,2,2
claims,commitmentsAtRisk,3,2
claims,commitmentsAtRisk,4,2
claims,commitmentsAtRisk,5,3
claims,commitmentsAtRisk,6,3
claims,vacancies,1,0
claims,vacancies,2,0
claims,vacancies,3,0
claims,vacancies,4,0
claims,vacancies,5,1
claims,vacancies,6,1
claims,skillsRisks,1,4
claims,skillsRisks,2,3
claims,skillsRisks,3,3
claims,skillsRisks,4,3
claims,skillsRisks,5,2
claims,skillsRisks,6,2
claims,contractorDependency,1,27
claims,contractorDependency,2,26
claims,contractorDependency,3,24
claims,contractorDependency,4,24
claims,contractorDependency,5,23
claims,contractorDependency,6,21
claims,runCostVsBudget,1,93
claims,runCostVsBudget,2,94
claims,runCostVsBudget,3,96
claims,runCostVsBudget,4,97
claims,runCostVsBudget,5,98
claims,runCostVsBudget,6,99
claims,cloudSpendTrend,1,-5
claims,cloudSpendTrend,2,-3
claims,cloudSpendTrend,3,-3
claims,cloudSpendTrend,4,0
claims,cloudSpendTrend,5,1
claims,cloudSpendTrend,6,2
claims,orphanedSpend,1,4700
claims,orphanedSpend,2,5200
claims,orphanedSpend,3,6100
claims,orphanedSpend,4,6500
claims,orphanedSpend,5,7200
claims,orphanedSpend,6,8100
claims,sloAttainment,1,98
claims,sloAttainment,2,96
claims,sloAttainment,3,93
claims,sloAttainment,4,91
claims,sloAttainment,5,90
claims,sloAttainment,6,88
claims,monitoringCoverage,1,96
claims,monitoringCoverage,2,92
claims,monitoringCoverage,3,92
claims,monitoringCoverage,4,89
claims,monitoringCoverage,5,89
claims,monitoringCoverage,6,86
claims,alertNoise,1,80
claims,alertNoise,2,79
claims,alertNoise,3,77
claims,alertNoise,4,74
claims,alertNoise,5,73
claims,alertNoise,6,72
policy,openSncs,1,5
policy,openSncs,2,5
policy,openSncs,3,6
policy,openSncs,4,7
policy,openSncs,5,7
policy,openSncs,6,8
policy,sncAge,1,26
policy,sncAge,2,25
policy,sncAge,3,23
policy,sncAge,4,22
policy,sncAge,5,20
policy,sncAge,6,18
policy,repeatSncs,1,22
policy,repeatSncs,2,23
policy,repeatSncs,3,21
policy,repeatSncs,4,19
policy,repeatSncs,5,17
policy,repeatSncs,6,17
policy,p1p2Incidents,1,7
policy,p1p2Incidents,2,8
policy,p1p2Incidents,3,9
policy,p1p2Incidents,4,9
policy,p1p2Incidents,5,10
policy,p1p2Incidents,6,11
policy,majorIncidents,1,4
policy,majorIncidents,2,3
policy,majorIncidents,3,3
policy,majorIncidents,4,3
policy,majorIncidents,5,2
policy,majorIncidents,6,2
policy,mttr,1,4
policy,mttr,2,5
policy,mttr,3,5
policy,mttr,4,6
policy,mttr,5,6
policy,mttr,6,7
policy,repeatIncidents,1,25
policy,repeatIncidents,2,23
policy,repeatIncidents,3,23
policy,repeatIncidents,4,21
policy,repeatIncidents,5,20
policy,repeatIncidents,6,18
policy,incidentBacklog,1,12
policy,incidentBacklog,2,11
policy,incidentBacklog,3,10
policy,incidentBacklog,4,10
policy,incidentBacklog,5,9
policy,incidentBacklog,6,8
policy,openProblems,1,3
policy,openProblems,2,3
policy,openProblems,3,5
policy,openProblems,4,5
policy,openProblems,5,7
policy,openProblems,6,7
policy,rcaOverdue,1,3
policy,rcaOverdue,2,2
policy,rcaOverdue,3,2
policy,rcaOverdue,4,2
policy,rcaOverdue,5,1
policy,rcaOverdue,6,1
policy,knownErrors,1,11
policy,knownErrors,2,11
policy,knownErrors,3,12
policy,knownErrors,4,13
policy,knownErrors,5,15
policy,knownErrors,6,16
policy,problemAge,1,28
policy,problemAge,2,34
policy,problemAge,3,34
policy,problemAge,4,40
policy,problemAge,5,41
policy,problemAge,6,45
policy,problemLinkage,1,84
policy,problemLinkage,2,81
policy,problemLinkage,3,80
policy,problemLinkage,4,78
policy,problemLinkage,5,77
policy,problemLinkage,6,75
policy,serviceMaturity,1,3.575
policy,serviceMaturity,2,3.625
policy,serviceMaturity,3,3.65
policy,serviceMaturity,4,3.775
policy,serviceMaturity,5,3.9
policy,serviceMaturity,6,3.925
policy,triageMaturity,1,3.6
policy,triageMaturity,2,3.6
policy,triageMaturity,3,3.8
policy,triageMaturity,4,3.9
policy,triageMaturity,5,4
policy,triageMaturity,6,4.1
policy,incidentMaturity,1,3.5
policy,incidentMaturity,2,3.6
policy,incidentMaturity,3,3.7
policy,incidentMaturity,4,3.9
policy,incidentMaturity,5,4.1
policy,incidentMaturity,6,4.1
policy,recoveryMaturity,1,3.4
policy,recoveryMaturity,2,3.5
policy,recoveryMaturity,3,3.5
policy,recoveryMaturity,4,3.8
policy,recoveryMaturity,5,3.9
policy,recoveryMaturity,6,4
policy,resolutionMaturity,1,3.8
policy,resolutionMaturity,2,3.8
policy,resolutionMaturity,3,3.6
policy,resolutionMaturity,4,3.5
policy,resolutionMaturity,5,3.6
policy,resolutionMaturity,6,3.5
policy,runbookCoverage,1,80
policy,runbookCoverage,2,80
policy,runbookCoverage,3,83
policy,runbookCoverage,4,83
policy,runbookCoverage,5,87
policy,runbookCoverage,6,87
policy,mtta,1,31
policy,mtta,2,30
policy,mtta,3,26
policy,mtta,4,26
policy,mtta,5,23
policy,mtta,6,22
policy,techDebt,1,13
policy,techDebt,2,16
policy,techDebt,3,22
policy,techDebt,4,25
policy,techDebt,5,26
policy,techDebt,6,29
policy,archExceptions,1,2
policy,archExceptions,2,2
policy,archExceptions,3,2
policy,archExceptions,4,3
policy,archExceptions,5,3
policy,archExceptions,6,3
policy,strategicAlignment,1,89
policy,strategicAlignment,2,87
policy,strategicAlignment,3,86
policy,strategicAlignment,4,85
policy,strategicAlignment,5,82
policy,strategicAlignment,6,80
policy,brams,1,2
policy,brams,2,3
policy,brams,3,3
policy,brams,4,3
policy,brams,5,4
policy,brams,6,4
policy,techRisks,1,7
policy,techRisks,2,6
policy,techRisks,3,6
policy,techRisks,4,5
policy,techRisks,5,5
policy,techRisks,6,4
policy,riskTrend,1,1
policy,riskTrend,2,1
policy,riskTrend,3,1
policy,riskTrend,4,0
policy,riskTrend,5,0
policy,riskTrend,6,0
policy,vulns,1,31
policy,vulns,2,30
policy,vulns,3,27
policy,vulns,4,26
policy,vulns,5,25
policy,vulns,6,22
policy,patchCompliance,1,100
policy,patchCompliance,2,96
policy,patchCompliance,3,95
policy,patchCompliance,4,95
policy,patchCompliance,5,93
policy,patchCompliance,6,90
policy,criticalFindings,1,0
policy,criticalFindings,2,1
policy,criticalFindings,3,1
policy,criticalFindings,4,1
policy,criticalFindings,5,1
policy,criticalFindings,6,2
policy,drCompliance,1,100
policy,drCompliance,2,100
policy,drCompliance,3,99
policy,drCompliance,4,98
policy,drCompliance,5,97
policy,drCompliance,6,94
policy,resilienceActions,1,1
policy,resilienceActions,2,2
policy,resilienceActions,3,2
policy,resilienceActions,4,2
policy,resilienceActions,5,3
policy,resilienceActions,6,3
policy,controlHealth,1,100
policy,controlHealth,2,100
policy,controlHealth,3,98
policy,controlHealth,4,97
policy,controlHealth,5,94
policy,controlHealth,6,93
policy,failedChanges,1,6
policy,failedChanges,2,5
policy,failedChanges,3,5
policy,failedChanges,4,5
policy,failedChanges,5,4
policy,failedChanges,6,4
policy,changeSuccess,1,74
policy,changeSuccess,2,75
policy,changeSuccess,3,75
policy,changeSuccess,4,78
policy,changeSuccess,5,81
policy,changeSuccess,6,82
policy,releases,1,9
policy,releases,2,9
policy,releases,3,9
policy,releases,4,8
policy,releases,5,7
policy,releases,6,7
policy,emergencyChanges,1,1
policy,emergencyChanges,2,0
policy,emergencyChanges,3,3
policy,emergencyChanges,4,3
policy,emergencyChanges,5,6
policy,emergencyChanges,6,6
policy,changeLeadTime,1,1
policy,changeLeadTime,2,2
policy,changeLeadTime,3,2
policy,changeLeadTime,4,3
policy,changeLeadTime,5,3
policy,changeLeadTime,6,4
policy,applications,1,19
policy,applications,2,16
policy,applications,3,15
policy,applications,4,14
policy,applications,5,13
policy,applications,6,11
policy,infraFootprint,1,18
policy,infraFootprint,2,34
policy,infraFootprint,3,36
policy,infraFootprint,4,40
policy,infraFootprint,5,52
policy,infraFootprint,6,58
policy,currency,1,79
policy,currency,2,81
policy,currency,3,84
policy,currency,4,86
policy,currency,5,89
policy,currency,6,90
policy,cloudMigration,1,83
policy,cloudMigration,2,79
policy,cloudMigration,3,79
policy,cloudMigration,4,76
policy,cloudMigration,5,74
policy,cloudMigration,6,73
policy,endOfSupport,1,5
policy,endOfSupport,2,6
policy,endOfSupport,3,6
policy,endOfSupport,4,7
policy,endOfSupport,5,8
policy,endOfSupport,6,8
policy,auditActions,1,1
policy,auditActions,2,2
policy,auditActions,3,2
policy,auditActions,4,2
policy,auditActions,5,3
policy,auditActions,6,3
policy,regActions,1,0
policy,regActions,2,0
policy,regActions,3,0
policy,regActions,4,0
policy,regActions,5,1
policy,regActions,6,1
policy,overdueActions,1,2
policy,overdueActions,2,2
policy,overdueActions,3,2
policy,overdueActions,4,1
policy,overdueActions,5,1
policy,overdueActions,6,1
policy,milestones,1,0
policy,milestones,2,1
policy,milestones,3,2
policy,milestones,4,2
policy,milestones,5,4
policy,milestones,6,4
policy,roadmapHealth,1,80
policy,roadmapHealth,2,80
policy,roadmapHealth,3,77
policy,roadmapHealth,4,77
policy,roadmapHealth,5,73
policy,roadmapHealth,6,72
policy,commitmentsAtRisk,1,0
policy,commitmentsAtRisk,2,1
policy,commitmentsAtRisk,3,1
policy,commitmentsAtRisk,4,1
policy,commitmentsAtRisk,5,2
policy,commitmentsAtRisk,6,2
policy,vacancies,1,1
policy,vacancies,2,1
policy,vacancies,3,1
policy,vacancies,4,2
policy,vacancies,5,2
policy,vacancies,6,2
policy,skillsRisks,1,0
policy,skillsRisks,2,0
policy,skillsRisks,3,0
policy,skillsRisks,4,0
policy,skillsRisks,5,1
policy,skillsRisks,6,1
policy,contractorDependency,1,15
policy,contractorDependency,2,17
policy,contractorDependency,3,17
policy,contractorDependency,4,19
policy,contractorDependency,5,19
policy,contractorDependency,6,21
policy,runCostVsBudget,1,104
policy,runCostVsBudget,2,104
policy,runCostVsBudget,3,102
policy,runCostVsBudget,4,100
policy,runCostVsBudget,5,100
policy,runCostVsBudget,6,98
policy,cloudSpendTrend,1,3
policy,cloudSpendTrend,2,5
policy,cloudSpendTrend,3,7
policy,cloudSpendTrend,4,7
policy,cloudSpendTrend,5,9
policy,cloudSpendTrend,6,10
policy,orphanedSpend,1,9700
policy,orphanedSpend,2,8800
policy,orphanedSpend,3,8300
policy,orphanedSpend,4,8400
policy,orphanedSpend,5,7500
policy,orphanedSpend,6,6700
policy,sloAttainment,1,100
policy,sloAttainment,2,100
policy,sloAttainment,3,100
policy,sloAttainment,4,100
policy,sloAttainment,5,100
policy,sloAttainment,6,100
policy,monitoringCoverage,1,92
policy,monitoringCoverage,2,90
policy,monitoringCoverage,3,88
policy,monitoringCoverage,4,86
policy,monitoringCoverage,5,85
policy,monitoringCoverage,6,83
policy,alertNoise,1,80
policy,alertNoise,2,78
policy,alertNoise,3,76
policy,alertNoise,4,75
policy,alertNoise,5,73
policy,alertNoise,6,72
digital,openSncs,1,0
digital,openSncs,2,1
digital,openSncs,3,2
digital,openSncs,4,2
digital,openSncs,5,3
digital,openSncs,6,3
digital,sncAge,1,8
digital,sncAge,2,10
digital,sncAge,3,9
digital,sncAge,4,12
digital,sncAge,5,12
digital,sncAge,6,14
digital,repeatSncs,1,3
digital,repeatSncs,2,4
digital,repeatSncs,3,4
digital,repeatSncs,4,6
digital,repeatSncs,5,7
digital,repeatSncs,6,8
digital,p1p2Incidents,1,1
digital,p1p2Incidents,2,2
digital,p1p2Incidents,3,3
digital,p1p2Incidents,4,3
digital,p1p2Incidents,5,4
digital,p1p2Incidents,6,4
digital,majorIncidents,1,0
digital,majorIncidents,2,0
digital,majorIncidents,3,0
digital,majorIncidents,4,0
digital,majorIncidents,5,0
digital,majorIncidents,6,0
digital,mttr,1,1
digital,mttr,2,2
digital,mttr,3,2
digital,mttr,4,2
digital,mttr,5,3
digital,mttr,6,3
digital,repeatIncidents,1,4
digital,repeatIncidents,2,4
digital,repeatIncidents,3,5
digital,repeatIncidents,4,6
digital,repeatIncidents,5,8
digital,repeatIncidents,6,8
digital,incidentBacklog,1,7
digital,incidentBacklog,2,6
digital,incidentBacklog,3,6
digital,incidentBacklog,4,5
digital,incidentBacklog,5,5
digital,incidentBacklog,6,4
digital,openProblems,1,0
digital,openProblems,2,1
digital,openProblems,3,1
digital,openProblems,4,2
digital,openProblems,5,2
digital,openProblems,6,3
digital,rcaOverdue,1,0
digital,rcaOverdue,2,0
digital,rcaOverdue,3,0
digital,rcaOverdue,4,0
digital,rcaOverdue,5,0
digital,rcaOverdue,6,0
digital,knownErrors,1,4
digital,knownErrors,2,5
digital,knownErrors,3,7
digital,knownErrors,4,8
digital,knownErrors,5,8
digital,knownErrors,6,9
digital,problemAge,1,14
digital,problemAge,2,18
digital,problemAge,3,20
digital,problemAge,4,21
digital,problemAge,5,21
digital,problemAge,6,25
digital,problemLinkage,1,93
digital,problemLinkage,2,90
digital,problemLinkage,3,90
digital,problemLinkage,4,87
digital,problemLinkage,5,86
digital,problemLinkage,6,86
digital,serviceMaturity,1,4.425000000000001
digital,serviceMaturity,2,4.45
digital,serviceMaturity,3,4.4750000000000005
digital,serviceMaturity,4,4.375
digital,serviceMaturity,5,4.45
digital,serviceMaturity,6,4.425
digital,triageMaturity,1,4.4
digital,triageMaturity,2,4.5
digital,triageMaturity,3,4.6
digital,triageMaturity,4,4.6
digital,triageMaturity,5,4.7
digital,triageMaturity,6,4.9
digital,incidentMaturity,1,3.9
digital,incidentMaturity,2,4
digital,incidentMaturity,3,4.2
digital,incidentMaturity,4,4.1
digital,incidentMaturity,5,4.4
digital,incidentMaturity,6,4.4
digital,recoveryMaturity,1,4.4
digital,recoveryMaturity,2,4.5
digital,recoveryMaturity,3,4.4
digital,recoveryMaturity,4,4.3
digital,recoveryMaturity,5,4.2
digital,recoveryMaturity,6,4.1
digital,resolutionMaturity,1,5
digital,resolutionMaturity,2,4.8
digital,resolutionMaturity,3,4.7
digital,resolutionMaturity,4,4.5
digital,resolutionMaturity,5,4.5
digital,resolutionMaturity,6,4.3
digital,runbookCoverage,1,100
digital,runbookCoverage,2,99
digital,runbookCoverage,3,98
digital,runbookCoverage,4,96
digital,runbookCoverage,5,95
digital,runbookCoverage,6,94
digital,mtta,1,0
digital,mtta,2,0
digital,mtta,3,0
digital,mtta,4,0
digital,mtta,5,0
digital,mtta,6,2
digital,techDebt,1,8
digital,techDebt,2,9
digital,techDebt,3,11
digital,techDebt,4,14
digital,techDebt,5,17
digital,techDebt,6,17
digital,archExceptions,1,0
digital,archExceptions,2,0
digital,archExceptions,3,1
digital,archExceptions,4,0
digital,archExceptions,5,1
digital,archExceptions,6,1
digital,strategicAlignment,1,92
digital,strategicAlignment,2,89
digital,strategicAlignment,3,88
digital,strategicAlignment,4,87
digital,strategicAlignment,5,87
digital,strategicAlignment,6,85
digital,brams,1,2
digital,brams,2,2
digital,brams,3,2
digital,brams,4,3
digital,brams,5,3
digital,brams,6,3
digital,techRisks,1,3
digital,techRisks,2,3
digital,techRisks,3,3
digital,techRisks,4,2
digital,techRisks,5,2
digital,techRisks,6,1
digital,riskTrend,1,0
digital,riskTrend,2,0
digital,riskTrend,3,0
digital,riskTrend,4,0
digital,riskTrend,5,0
digital,riskTrend,6,0
digital,vulns,1,11
digital,vulns,2,10
digital,vulns,3,6
digital,vulns,4,4
digital,vulns,5,3
digital,vulns,6,3
digital,patchCompliance,1,93
digital,patchCompliance,2,93
digital,patchCompliance,3,96
digital,patchCompliance,4,95
digital,patchCompliance,5,98
digital,patchCompliance,6,99
digital,criticalFindings,1,0
digital,criticalFindings,2,0
digital,criticalFindings,3,0
digital,criticalFindings,4,0
digital,criticalFindings,5,0
digital,criticalFindings,6,0
digital,drCompliance,1,100
digital,drCompliance,2,100
digital,drCompliance,3,100
digital,drCompliance,4,100
digital,drCompliance,5,100
digital,drCompliance,6,100
digital,resilienceActions,1,0
digital,resilienceActions,2,0
digital,resilienceActions,3,0
digital,resilienceActions,4,0
digital,resilienceActions,5,1
digital,resilienceActions,6,1
digital,controlHealth,1,98
digital,controlHealth,2,94
digital,controlHealth,3,93
digital,controlHealth,4,92
digital,controlHealth,5,92
digital,controlHealth,6,90
digital,failedChanges,1,1
digital,failedChanges,2,1
digital,failedChanges,3,1
digital,failedChanges,4,2
digital,failedChanges,5,2
digital,failedChanges,6,2
digital,changeSuccess,1,100
digital,changeSuccess,2,99
digital,changeSuccess,3,97
digital,changeSuccess,4,98
digital,changeSuccess,5,97
digital,changeSuccess,6,94
digital,releases,1,11
digital,releases,2,11
digital,releases,3,10
digital,releases,4,10
digital,releases,5,9
digital,releases,6,9
digital,emergencyChanges,1,9
digital,emergencyChanges,2,8
digital,emergencyChanges,3,8
digital,emergencyChanges,4,7
digital,emergencyChanges,5,6
digital,emergencyChanges,6,5
digital,changeLeadTime,1,3
digital,changeLeadTime,2,3
digital,changeLeadTime,3,4
digital,changeLeadTime,4,4
digital,changeLeadTime,5,4
digital,changeLeadTime,6,5
digital,applications,1,6
digital,applications,2,7
digital,applications,3,7
digital,applications,4,9
digital,applications,5,10
digital,applications,6,11
digital,infraFootprint,1,19
digital,infraFootprint,2,22
digital,infraFootprint,3,36
digital,infraFootprint,4,34
digital,infraFootprint,5,44
digital,infraFootprint,6,49
digital,currency,1,100
digital,currency,2,100
digital,currency,3,100
digital,currency,4,100
digital,currency,5,99
digital,currency,6,96
digital,cloudMigration,1,77
digital,cloudMigration,2,76
digital,cloudMigration,3,74
digital,cloudMigration,4,72
digital,cloudMigration,5,71
digital,cloudMigration,6,69
digital,endOfSupport,1,4
digital,endOfSupport,2,4
digital,endOfSupport,3,4
digital,endOfSupport,4,3
digital,endOfSupport,5,2
digital,endOfSupport,6,2
digital,auditActions,1,0
digital,auditActions,2,0
digital,auditActions,3,0
digital,auditActions,4,0
digital,auditActions,5,0
digital,auditActions,6,0
digital,regActions,1,1
digital,regActions,2,1
digital,regActions,3,1
digital,regActions,4,1
digital,regActions,5,0
digital,regActions,6,0
digital,overdueActions,1,0
digital,overdueActions,2,0
digital,overdueActions,3,0
digital,overdueActions,4,0
digital,overdueActions,5,0
digital,overdueActions,6,0
digital,milestones,1,1
digital,milestones,2,2
digital,milestones,3,3
digital,milestones,4,3
digital,milestones,5,4
digital,milestones,6,4
digital,roadmapHealth,1,85
digital,roadmapHealth,2,85
digital,roadmapHealth,3,86
digital,roadmapHealth,4,88
digital,roadmapHealth,5,88
digital,roadmapHealth,6,91
digital,commitmentsAtRisk,1,0
digital,commitmentsAtRisk,2,0
digital,commitmentsAtRisk,3,0
digital,commitmentsAtRisk,4,0
digital,commitmentsAtRisk,5,0
digital,commitmentsAtRisk,6,0
digital,vacancies,1,1
digital,vacancies,2,1
digital,vacancies,3,0
digital,vacancies,4,1
digital,vacancies,5,0
digital,vacancies,6,0
digital,skillsRisks,1,1
digital,skillsRisks,2,1
digital,skillsRisks,3,1
digital,skillsRisks,4,1
digital,skillsRisks,5,0
digital,skillsRisks,6,0
digital,contractorDependency,1,15
digital,contractorDependency,2,16
digital,contractorDependency,3,17
digital,contractorDependency,4,19
digital,contractorDependency,5,20
digital,contractorDependency,6,20
digital,runCostVsBudget,1,87
digital,runCostVsBudget,2,89
digital,runCostVsBudget,3,90
digital,runCostVsBudget,4,90
digital,runCostVsBudget,5,90
digital,runCostVsBudget,6,92
digital,cloudSpendTrend,1,-6
digital,cloudSpendTrend,2,-5
digital,cloudSpendTrend,3,-4
digital,cloudSpendTrend,4,-3
digital,cloudSpendTrend,5,-2
digital,cloudSpendTrend,6,-2
digital,orphanedSpend,1,3700
digital,orphanedSpend,2,3600
digital,orphanedSpend,3,2900
digital,orphanedSpend,4,2200
digital,orphanedSpend,5,1700
digital,orphanedSpend,6,1300
digital,sloAttainment,1,100
digital,sloAttainment,2,100
digital,sloAttainment,3,100
digital,sloAttainment,4,100
digital,sloAttainment,5,100
digital,sloAttainment,6,100
digital,monitoringCoverage,1,100
digital,monitoringCoverage,2,100
digital,monitoringCoverage,3,100
digital,monitoringCoverage,4,99
digital,monitoringCoverage,5,99
digital,monitoringCoverage,6,97
digital,alertNoise,1,81
digital,alertNoise,2,80
digital,alertNoise,3,79
digital,alertNoise,4,75
digital,alertNoise,5,75
digital,alertNoise,6,74
onboarding,openSncs,1,5
onboarding,openSncs,2,6
onboarding,openSncs,3,6
onboarding,openSncs,4,7
onboarding,openSncs,5,8
onboarding,openSncs,6,8
onboarding,sncAge,1,14
onboarding,sncAge,2,15
onboarding,sncAge,3,16
onboarding,sncAge,4,17
onboarding,sncAge,5,18
onboarding,sncAge,6,21
onboarding,repeatSncs,1,8
onboarding,repeatSncs,2,10
onboarding,repeatSncs,3,11
onboarding,repeatSncs,4,10
onboarding,repeatSncs,5,11
onboarding,repeatSncs,6,13
onboarding,p1p2Incidents,1,9
onboarding,p1p2Incidents,2,9
onboarding,p1p2Incidents,3,8
onboarding,p1p2Incidents,4,7
onboarding,p1p2Incidents,5,7
onboarding,p1p2Incidents,6,6
onboarding,majorIncidents,1,2
onboarding,majorIncidents,2,2
onboarding,majorIncidents,3,2
onboarding,majorIncidents,4,2
onboarding,majorIncidents,5,2
onboarding,majorIncidents,6,3
onboarding,mttr,1,4
onboarding,mttr,2,4
onboarding,mttr,3,4
onboarding,mttr,4,5
onboarding,mttr,5,6
onboarding,mttr,6,6
onboarding,repeatIncidents,1,10
onboarding,repeatIncidents,2,12
onboarding,repeatIncidents,3,14
onboarding,repeatIncidents,4,14
onboarding,repeatIncidents,5,16
onboarding,repeatIncidents,6,17
onboarding,incidentBacklog,1,2
onboarding,incidentBacklog,2,2
onboarding,incidentBacklog,3,3
onboarding,incidentBacklog,4,3
onboarding,incidentBacklog,5,5
onboarding,incidentBacklog,6,5
onboarding,openProblems,1,6
onboarding,openProblems,2,6
onboarding,openProblems,3,8
onboarding,openProblems,4,8
onboarding,openProblems,5,9
onboarding,openProblems,6,10
onboarding,rcaOverdue,1,0
onboarding,rcaOverdue,2,0
onboarding,rcaOverdue,3,0
onboarding,rcaOverdue,4,0
onboarding,rcaOverdue,5,0
onboarding,rcaOverdue,6,0
onboarding,knownErrors,1,20
onboarding,knownErrors,2,20
onboarding,knownErrors,3,18
onboarding,knownErrors,4,18
onboarding,knownErrors,5,17
onboarding,knownErrors,6,15
onboarding,problemAge,1,57
onboarding,problemAge,2,53
onboarding,problemAge,3,51
onboarding,problemAge,4,43
onboarding,problemAge,5,39
onboarding,problemAge,6,38
onboarding,problemLinkage,1,82
onboarding,problemLinkage,2,78
onboarding,problemLinkage,3,76
onboarding,problemLinkage,4,74
onboarding,problemLinkage,5,74
onboarding,problemLinkage,6,72
onboarding,serviceMaturity,1,3.5
onboarding,serviceMaturity,2,3.5500000000000003
onboarding,serviceMaturity,3,3.5000000000000004
onboarding,serviceMaturity,4,3.525
onboarding,serviceMaturity,5,3.5
onboarding,serviceMaturity,6,3.55
onboarding,triageMaturity,1,4.5
onboarding,triageMaturity,2,4.3
onboarding,triageMaturity,3,4.2
onboarding,triageMaturity,4,4
onboarding,triageMaturity,5,3.9
onboarding,triageMaturity,6,3.9
onboarding,incidentMaturity,1,2.7
onboarding,incidentMaturity,2,3
onboarding,incidentMaturity,3,3.1
onboarding,incidentMaturity,4,3.2
onboarding,incidentMaturity,5,3.3
onboarding,incidentMaturity,6,3.5
onboarding,recoveryMaturity,1,4.1
onboarding,recoveryMaturity,2,4
onboarding,recoveryMaturity,3,3.8
onboarding,recoveryMaturity,4,3.8
onboarding,recoveryMaturity,5,3.6
onboarding,recoveryMaturity,6,3.5
onboarding,resolutionMaturity,1,2.7
onboarding,resolutionMaturity,2,2.9
onboarding,resolutionMaturity,3,2.9
onboarding,resolutionMaturity,4,3.1
onboarding,resolutionMaturity,5,3.2
onboarding,resolutionMaturity,6,3.3
onboarding,runbookCoverage,1,94
onboarding,runbookCoverage,2,94
onboarding,runbookCoverage,3,92
onboarding,runbookCoverage,4,91
onboarding,runbookCoverage,5,88
onboarding,runbookCoverage,6,87
onboarding,mtta,1,28
onboarding,mtta,2,27
onboarding,mtta,3,24
onboarding,mtta,4,23
onboarding,mtta,5,24
onboarding,mtta,6,21
onboarding,techDebt,1,30
onboarding,techDebt,2,27
onboarding,techDebt,3,22
onboarding,techDebt,4,18
onboarding,techDebt,5,18
onboarding,techDebt,6,14
onboarding,archExceptions,1,2
onboarding,archExceptions,2,2
onboarding,archExceptions,3,2
onboarding,archExceptions,4,3
onboarding,archExceptions,5,3
onboarding,archExceptions,6,3
onboarding,strategicAlignment,1,88
onboarding,strategicAlignment,2,84
onboarding,strategicAlignment,3,83
onboarding,strategicAlignment,4,82
onboarding,strategicAlignment,5,82
onboarding,strategicAlignment,6,79
onboarding,brams,1,0
onboarding,brams,2,0
onboarding,brams,3,0
onboarding,brams,4,0
onboarding,brams,5,1
onboarding,brams,6,1
onboarding,techRisks,1,4
onboarding,techRisks,2,5
onboarding,techRisks,3,5
onboarding,techRisks,4,6
onboarding,techRisks,5,6
onboarding,techRisks,6,7
onboarding,riskTrend,1,0
onboarding,riskTrend,2,0
onboarding,riskTrend,3,0
onboarding,riskTrend,4,0
onboarding,riskTrend,5,0
onboarding,riskTrend,6,0
onboarding,vulns,1,18
onboarding,vulns,2,18
onboarding,vulns,3,14
onboarding,vulns,4,13
onboarding,vulns,5,10
onboarding,vulns,6,10
onboarding,patchCompliance,1,94
onboarding,patchCompliance,2,93
onboarding,patchCompliance,3,92
onboarding,patchCompliance,4,90
onboarding,patchCompliance,5,87
onboarding,patchCompliance,6,87
onboarding,criticalFindings,1,0
onboarding,criticalFindings,2,0
onboarding,criticalFindings,3,0
onboarding,criticalFindings,4,0
onboarding,criticalFindings,5,1
onboarding,criticalFindings,6,1
onboarding,drCompliance,1,94
onboarding,drCompliance,2,93
onboarding,drCompliance,3,93
onboarding,drCompliance,4,91
onboarding,drCompliance,5,88
onboarding,drCompliance,6,87
onboarding,resilienceActions,1,0
onboarding,resilienceActions,2,0
onboarding,resilienceActions,3,1
onboarding,resilienceActions,4,1
onboarding,resilienceActions,5,2
onboarding,resilienceActions,6,2
onboarding,controlHealth,1,100
onboarding,controlHealth,2,96
onboarding,controlHealth,3,96
onboarding,controlHealth,4,95
onboarding,controlHealth,5,94
onboarding,controlHealth,6,91
onboarding,failedChanges,1,0
onboarding,failedChanges,2,1
onboarding,failedChanges,3,1
onboarding,failedChanges,4,1
onboarding,failedChanges,5,2
onboarding,failedChanges,6,2
onboarding,changeSuccess,1,100
onboarding,changeSuccess,2,99
onboarding,changeSuccess,3,98
onboarding,changeSuccess,4,95
onboarding,changeSuccess,5,93
onboarding,changeSuccess,6,92
onboarding,releases,1,11
onboarding,releases,2,10
onboarding,releases,3,10
onboarding,releases,4,10
onboarding,releases,5,10
onboarding,releases,6,9
onboarding,emergencyChanges,1,0
onboarding,emergencyChanges,2,0
onboarding,emergencyChanges,3,1
onboarding,emergencyChanges,4,2
onboarding,emergencyChanges,5,3
onboarding,emergencyChanges,6,4
onboarding,changeLeadTime,1,3
onboarding,changeLeadTime,2,4
onboarding,changeLeadTime,3,4
onboarding,changeLeadTime,4,5
onboarding,changeLeadTime,5,6
onboarding,changeLeadTime,6,6
onboarding,applications,1,0
onboarding,applications,2,0
onboarding,applications,3,0
onboarding,applications,4,2
onboarding,applications,5,3
onboarding,applications,6,5
onboarding,infraFootprint,1,123
onboarding,infraFootprint,2,116
onboarding,infraFootprint,3,114
onboarding,infraFootprint,4,112
onboarding,infraFootprint,5,99
onboarding,infraFootprint,6,93
onboarding,currency,1,88
onboarding,currency,2,88
onboarding,currency,3,86
onboarding,currency,4,84
onboarding,currency,5,82
onboarding,currency,6,81
onboarding,cloudMigration,1,56
onboarding,cloudMigration,2,57
onboarding,cloudMigration,3,59
onboarding,cloudMigration,4,62
onboarding,cloudMigration,5,63
onboarding,cloudMigration,6,64
onboarding,endOfSupport,1,0
onboarding,endOfSupport,2,1
onboarding,endOfSupport,3,2
onboarding,endOfSupport,4,2
onboarding,endOfSupport,5,3
onboarding,endOfSupport,6,3
onboarding,auditActions,1,4
onboarding,auditActions,2,4
onboarding,auditActions,3,4
onboarding,auditActions,4,4
onboarding,auditActions,5,3
onboarding,auditActions,6,3
onboarding,regActions,1,3
onboarding,regActions,2,2
onboarding,regActions,3,2
onboarding,regActions,4,1
onboarding,regActions,5,1
onboarding,regActions,6,1
onboarding,overdueActions,1,0
onboarding,overdueActions,2,0
onboarding,overdueActions,3,0
onboarding,overdueActions,4,0
onboarding,overdueActions,5,1
onboarding,overdueActions,6,1
onboarding,milestones,1,3
onboarding,milestones,2,5
onboarding,milestones,3,4
onboarding,milestones,4,5
onboarding,milestones,5,6
onboarding,milestones,6,7
onboarding,roadmapHealth,1,95
onboarding,roadmapHealth,2,93
onboarding,roadmapHealth,3,91
onboarding,roadmapHealth,4,90
onboarding,roadmapHealth,5,88
onboarding,roadmapHealth,6,87
onboarding,commitmentsAtRisk,1,0
onboarding,commitmentsAtRisk,2,0
onboarding,commitmentsAtRisk,3,0
onboarding,commitmentsAtRisk,4,0
onboarding,commitmentsAtRisk,5,1
onboarding,commitmentsAtRisk,6,1
onboarding,vacancies,1,0
onboarding,vacancies,2,0
onboarding,vacancies,3,0
onboarding,vacancies,4,0
onboarding,vacancies,5,1
onboarding,vacancies,6,1
onboarding,skillsRisks,1,1
onboarding,skillsRisks,2,1
onboarding,skillsRisks,3,1
onboarding,skillsRisks,4,1
onboarding,skillsRisks,5,2
onboarding,skillsRisks,6,2
onboarding,contractorDependency,1,14
onboarding,contractorDependency,2,16
onboarding,contractorDependency,3,17
onboarding,contractorDependency,4,19
onboarding,contractorDependency,5,19
onboarding,contractorDependency,6,20
onboarding,runCostVsBudget,1,99
onboarding,runCostVsBudget,2,100
onboarding,runCostVsBudget,3,102
onboarding,runCostVsBudget,4,102
onboarding,runCostVsBudget,5,104
onboarding,runCostVsBudget,6,105
onboarding,cloudSpendTrend,1,-7
onboarding,cloudSpendTrend,2,-5
onboarding,cloudSpendTrend,3,-4
onboarding,cloudSpendTrend,4,-4
onboarding,cloudSpendTrend,5,-2
onboarding,cloudSpendTrend,6,-1
onboarding,orphanedSpend,1,400
onboarding,orphanedSpend,2,1000
onboarding,orphanedSpend,3,1700
onboarding,orphanedSpend,4,2600
onboarding,orphanedSpend,5,3400
onboarding,orphanedSpend,6,3600
onboarding,sloAttainment,1,100
onboarding,sloAttainment,2,100
onboarding,sloAttainment,3,100
onboarding,sloAttainment,4,100
onboarding,sloAttainment,5,100
onboarding,sloAttainment,6,100
onboarding,monitoringCoverage,1,100
onboarding,monitoringCoverage,2,100
onboarding,monitoringCoverage,3,98
onboarding,monitoringCoverage,4,97
onboarding,monitoringCoverage,5,96
onboarding,monitoringCoverage,6,94
onboarding,alertNoise,1,71
onboarding,alertNoise,2,70
onboarding,alertNoise,3,68
onboarding,alertNoise,4,67
onboarding,alertNoise,5,65
onboarding,alertNoise,6,63
contact,openSncs,1,19
contact,openSncs,2,17
contact,openSncs,3,16
contact,openSncs,4,15
contact,openSncs,5,14
contact,openSncs,6,13
contact,sncAge,1,23
contact,sncAge,2,26
contact,sncAge,3,28
contact,sncAge,4,31
contact,sncAge,5,33
contact,sncAge,6,36
contact,repeatSncs,1,12
contact,repeatSncs,2,15
contact,repeatSncs,3,15
contact,repeatSncs,4,17
contact,repeatSncs,5,18
contact,repeatSncs,6,21
contact,p1p2Incidents,1,10
contact,p1p2Incidents,2,11
contact,p1p2Incidents,3,12
contact,p1p2Incidents,4,13
contact,p1p2Incidents,5,14
contact,p1p2Incidents,6,15
contact,majorIncidents,1,2
contact,majorIncidents,2,2
contact,majorIncidents,3,3
contact,majorIncidents,4,3
contact,majorIncidents,5,3
contact,majorIncidents,6,4
contact,mttr,1,4
contact,mttr,2,5
contact,mttr,3,6
contact,mttr,4,7
contact,mttr,5,8
contact,mttr,6,8
contact,repeatIncidents,1,26
contact,repeatIncidents,2,25
contact,repeatIncidents,3,23
contact,repeatIncidents,4,22
contact,repeatIncidents,5,19
contact,repeatIncidents,6,18
contact,incidentBacklog,1,16
contact,incidentBacklog,2,16
contact,incidentBacklog,3,15
contact,incidentBacklog,4,14
contact,incidentBacklog,5,13
contact,incidentBacklog,6,12
contact,openProblems,1,7
contact,openProblems,2,8
contact,openProblems,3,9
contact,openProblems,4,10
contact,openProblems,5,12
contact,openProblems,6,13
contact,rcaOverdue,1,0
contact,rcaOverdue,2,1
contact,rcaOverdue,3,1
contact,rcaOverdue,4,1
contact,rcaOverdue,5,1
contact,rcaOverdue,6,2
contact,knownErrors,1,25
contact,knownErrors,2,23
contact,knownErrors,3,20
contact,knownErrors,4,20
contact,knownErrors,5,18
contact,knownErrors,6,16
contact,problemAge,1,32
contact,problemAge,2,37
contact,problemAge,3,43
contact,problemAge,4,47
contact,problemAge,5,52
contact,problemAge,6,55
contact,problemLinkage,1,73
contact,problemLinkage,2,70
contact,problemLinkage,3,70
contact,problemLinkage,4,67
contact,problemLinkage,5,63
contact,problemLinkage,6,62
contact,serviceMaturity,1,2.275
contact,serviceMaturity,2,2.325
contact,serviceMaturity,3,2.55
contact,serviceMaturity,4,2.5250000000000004
contact,serviceMaturity,5,2.6750000000000003
contact,serviceMaturity,6,2.7750000000000004
contact,triageMaturity,1,2.5
contact,triageMaturity,2,2.6
contact,triageMaturity,3,2.9
contact,triageMaturity,4,2.9
contact,triageMaturity,5,2.9
contact,triageMaturity,6,3.1
contact,incidentMaturity,1,2.4
contact,incidentMaturity,2,2.3
contact,incidentMaturity,3,2.5
contact,incidentMaturity,4,2.5
contact,incidentMaturity,5,2.6
contact,incidentMaturity,6,2.7
contact,recoveryMaturity,1,2.3
contact,recoveryMaturity,2,2.4
contact,recoveryMaturity,3,2.6
contact,recoveryMaturity,4,2.5
contact,recoveryMaturity,5,2.8
contact,recoveryMaturity,6,2.8
contact,resolutionMaturity,1,1.9
contact,resolutionMaturity,2,2
contact,resolutionMaturity,3,2.2
contact,resolutionMaturity,4,2.2
contact,resolutionMaturity,5,2.4
contact,resolutionMaturity,6,2.5
contact,runbookCoverage,1,85
contact,runbookCoverage,2,82
contact,runbookCoverage,3,80
contact,runbookCoverage,4,76
contact,runbookCoverage,5,73
contact,runbookCoverage,6,72
contact,mtta,1,14
contact,mtta,2,15
contact,mtta,3,18
contact,mtta,4,21
contact,mtta,5,23
contact,mtta,6,25
contact,techDebt,1,23
contact,techDebt,2,30
contact,techDebt,3,33
contact,techDebt,4,37
contact,techDebt,5,40
contact,techDebt,6,45
contact,archExceptions,1,4
contact,archExceptions,2,4
contact,archExceptions,3,5
contact,archExceptions,4,5
contact,archExceptions,5,6
contact,archExceptions,6,6
contact,strategicAlignment,1,78
contact,strategicAlignment,2,77
contact,strategicAlignment,3,74
contact,strategicAlignment,4,72
contact,strategicAlignment,5,69
contact,strategicAlignment,6,66
contact,brams,1,6
contact,brams,2,6
contact,brams,3,5
contact,brams,4,5
contact,brams,5,4
contact,brams,6,4
contact,techRisks,1,8
contact,techRisks,2,8
contact,techRisks,3,9
contact,techRisks,4,10
contact,techRisks,5,11
contact,techRisks,6,12
contact,riskTrend,1,0
contact,riskTrend,2,0
contact,riskTrend,3,0
contact,riskTrend,4,0
contact,riskTrend,5,0
contact,riskTrend,6,1
contact,vulns,1,10
contact,vulns,2,12
contact,vulns,3,18
contact,vulns,4,19
contact,vulns,5,22
contact,vulns,6,24
contact,patchCompliance,1,67
contact,patchCompliance,2,71
contact,patchCompliance,3,74
contact,patchCompliance,4,74
contact,patchCompliance,5,78
contact,patchCompliance,6,80
contact,criticalFindings,1,1
contact,criticalFindings,2,1
contact,criticalFindings,3,2
contact,criticalFindings,4,2
contact,criticalFindings,5,3
contact,criticalFindings,6,3
contact,drCompliance,1,54
contact,drCompliance,2,56
contact,drCompliance,3,61
contact,drCompliance,4,63
contact,drCompliance,5,63
contact,drCompliance,6,67
contact,resilienceActions,1,10
contact,resilienceActions,2,9
contact,resilienceActions,3,9
contact,resilienceActions,4,8
contact,resilienceActions,5,8
contact,resilienceActions,6,7
contact,controlHealth,1,57
contact,controlHealth,2,62
contact,controlHealth,3,62
contact,controlHealth,4,66
contact,controlHealth,5,69
contact,controlHealth,6,71
contact,failedChanges,1,2
contact,failedChanges,2,2
contact,failedChanges,3,3
contact,failedChanges,4,3
contact,failedChanges,5,4
contact,failedChanges,6,4
contact,changeSuccess,1,84
contact,changeSuccess,2,82
contact,changeSuccess,3,80
contact,changeSuccess,4,79
contact,changeSuccess,5,77
contact,changeSuccess,6,73
contact,releases,1,8
contact,releases,2,6
contact,releases,3,6
contact,releases,4,5
contact,releases,5,4
contact,releases,6,4
contact,emergencyChanges,1,7
contact,emergencyChanges,2,9
contact,emergencyChanges,3,11
contact,emergencyChanges,4,13
contact,emergencyChanges,5,15
contact,emergencyChanges,6,16
contact,changeLeadTime,1,4
contact,changeLeadTime,2,4
contact,changeLeadTime,3,6
contact,changeLeadTime,4,6
contact,changeLeadTime,5,7
contact,changeLeadTime,6,8
contact,applications,1,19
contact,applications,2,16
contact,applications,3,15
contact,applications,4,14
contact,applications,5,11
contact,applications,6,9
contact,infraFootprint,1,91
contact,infraFootprint,2,103
contact,infraFootprint,3,111
contact,infraFootprint,4,124
contact,infraFootprint,5,135
contact,infraFootprint,6,144
contact,currency,1,88
contact,currency,2,86
contact,currency,3,84
contact,currency,4,80
contact,currency,5,78
contact,currency,6,75
contact,cloudMigration,1,66
contact,cloudMigration,2,64
contact,cloudMigration,3,60
contact,cloudMigration,4,60
contact,cloudMigration,5,56
contact,cloudMigration,6,54
contact,endOfSupport,1,16
contact,endOfSupport,2,15
contact,endOfSupport,3,15
contact,endOfSupport,4,14
contact,endOfSupport,5,12
contact,endOfSupport,6,12
contact,auditActions,1,8
contact,auditActions,2,8
contact,auditActions,3,7
contact,auditActions,4,7
contact,auditActions,5,6
contact,auditActions,6,6
contact,regActions,1,3
contact,regActions,2,3
contact,regActions,3,4
contact,regActions,4,4
contact,regActions,5,5
contact,regActions,6,5
contact,overdueActions,1,0
contact,overdueActions,2,0
contact,overdueActions,3,1
contact,overdueActions,4,1
contact,overdueActions,5,2
contact,overdueActions,6,2
contact,milestones,1,12
contact,milestones,2,11
contact,milestones,3,10
contact,milestones,4,9
contact,milestones,5,8
contact,milestones,6,7
contact,roadmapHealth,1,74
contact,roadmapHealth,2,72
contact,roadmapHealth,3,68
contact,roadmapHealth,4,66
contact,roadmapHealth,5,63
contact,roadmapHealth,6,62
contact,commitmentsAtRisk,1,3
contact,commitmentsAtRisk,2,3
contact,commitmentsAtRisk,3,4
contact,commitmentsAtRisk,4,4
contact,commitmentsAtRisk,5,5
contact,commitmentsAtRisk,6,5
contact,vacancies,1,2
contact,vacancies,2,2
contact,vacancies,3,3
contact,vacancies,4,3
contact,vacancies,5,4
contact,vacancies,6,4
contact,skillsRisks,1,5
contact,skillsRisks,2,5
contact,skillsRisks,3,4
contact,skillsRisks,4,4
contact,skillsRisks,5,3
contact,skillsRisks,6,3
contact,contractorDependency,1,27
contact,contractorDependency,2,28
contact,contractorDependency,3,30
contact,contractorDependency,4,32
contact,contractorDependency,5,34
contact,contractorDependency,6,35
contact,runCostVsBudget,1,98
contact,runCostVsBudget,2,100
contact,runCostVsBudget,3,102
contact,runCostVsBudget,4,103
contact,runCostVsBudget,5,106
contact,runCostVsBudget,6,107
contact,cloudSpendTrend,1,6
contact,cloudSpendTrend,2,7
contact,cloudSpendTrend,3,9
contact,cloudSpendTrend,4,11
contact,cloudSpendTrend,5,13
contact,cloudSpendTrend,6,14
contact,orphanedSpend,1,6000
contact,orphanedSpend,2,6600
contact,orphanedSpend,3,7300
contact,orphanedSpend,4,8100
contact,orphanedSpend,5,9700
contact,orphanedSpend,6,10200
contact,sloAttainment,1,70
contact,sloAttainment,2,72
contact,sloAttainment,3,75
contact,sloAttainment,4,77
contact,sloAttainment,5,79
contact,sloAttainment,6,83
contact,monitoringCoverage,1,53
contact,monitoringCoverage,2,54
contact,monitoringCoverage,3,58
contact,monitoringCoverage,4,60
contact,monitoringCoverage,5,63
contact,monitoringCoverage,6,65
contact,alertNoise,1,69
contact,alertNoise,2,65
contact,alertNoise,3,63
contact,alertNoise,4,62
contact,alertNoise,5,57
contact,alertNoise,6,55
automation,openSncs,1,4
automation,openSncs,2,5
automation,openSncs,3,6
automation,openSncs,4,5
automation,openSncs,5,7
automation,openSncs,6,7
automation,sncAge,1,21
automation,sncAge,2,19
automation,sncAge,3,20
automation,sncAge,4,17
automation,sncAge,5,16
automation,sncAge,6,14
automation,repeatSncs,1,8
automation,repeatSncs,2,9
automation,repeatSncs,3,7
automation,repeatSncs,4,7
automation,repeatSncs,5,6
automation,repeatSncs,6,4
automation,p1p2Incidents,1,1
automation,p1p2Incidents,2,3
automation,p1p2Incidents,3,3
automation,p1p2Incidents,4,4
automation,p1p2Incidents,5,4
automation,p1p2Incidents,6,5
automation,majorIncidents,1,0
automation,majorIncidents,2,0
automation,majorIncidents,3,0
automation,majorIncidents,4,0
automation,majorIncidents,5,0
automation,majorIncidents,6,0
automation,mttr,1,2
automation,mttr,2,3
automation,mttr,3,2
automation,mttr,4,3
automation,mttr,5,3
automation,mttr,6,4
automation,repeatIncidents,1,21
automation,repeatIncidents,2,20
automation,repeatIncidents,3,18
automation,repeatIncidents,4,18
automation,repeatIncidents,5,16
automation,repeatIncidents,6,15
automation,incidentBacklog,1,11
automation,incidentBacklog,2,10
automation,incidentBacklog,3,10
automation,incidentBacklog,4,10
automation,incidentBacklog,5,8
automation,incidentBacklog,6,8
automation,openProblems,1,0
automation,openProblems,2,0
automation,openProblems,3,0
automation,openProblems,4,2
automation,openProblems,5,3
automation,openProblems,6,3
automation,rcaOverdue,1,0
automation,rcaOverdue,2,0
automation,rcaOverdue,3,0
automation,rcaOverdue,4,0
automation,rcaOverdue,5,0
automation,rcaOverdue,6,0
automation,knownErrors,1,10
automation,knownErrors,2,10
automation,knownErrors,3,9
automation,knownErrors,4,7
automation,knownErrors,5,6
automation,knownErrors,6,6
automation,problemAge,1,7
automation,problemAge,2,8
automation,problemAge,3,16
automation,problemAge,4,14
automation,problemAge,5,17
automation,problemAge,6,21
automation,problemLinkage,1,86
automation,problemLinkage,2,89
automation,problemLinkage,3,88
automation,problemLinkage,4,90
automation,problemLinkage,5,91
automation,problemLinkage,6,93
automation,serviceMaturity,1,4.2
automation,serviceMaturity,2,4.225
automation,serviceMaturity,3,4.25
automation,serviceMaturity,4,4.25
automation,serviceMaturity,5,4.35
automation,serviceMaturity,6,4.375
automation,triageMaturity,1,4
automation,triageMaturity,2,4.2
automation,triageMaturity,3,4.2
automation,triageMaturity,4,4.3
automation,triageMaturity,5,4.5
automation,triageMaturity,6,4.6
automation,incidentMaturity,1,4.8
automation,incidentMaturity,2,4.7
automation,incidentMaturity,3,4.5
automation,incidentMaturity,4,4.5
automation,incidentMaturity,5,4.5
automation,incidentMaturity,6,4.4
automation,recoveryMaturity,1,4
automation,recoveryMaturity,2,4.1
automation,recoveryMaturity,3,4.2
automation,recoveryMaturity,4,4.1
automation,recoveryMaturity,5,4.3
automation,recoveryMaturity,6,4.3
automation,resolutionMaturity,1,4
automation,resolutionMaturity,2,3.9
automation,resolutionMaturity,3,4.1
automation,resolutionMaturity,4,4.1
automation,resolutionMaturity,5,4.1
automation,resolutionMaturity,6,4.2
automation,runbookCoverage,1,100
automation,runbookCoverage,2,100
automation,runbookCoverage,3,100
automation,runbookCoverage,4,100
automation,runbookCoverage,5,100
automation,runbookCoverage,6,98
automation,mtta,1,2
automation,mtta,2,3
automation,mtta,3,4
automation,mtta,4,6
automation,mtta,5,9
automation,mtta,6,9
automation,techDebt,1,0
automation,techDebt,2,0
automation,techDebt,3,0
automation,techDebt,4,6
automation,techDebt,5,7
automation,techDebt,6,9
automation,archExceptions,1,0
automation,archExceptions,2,0
automation,archExceptions,3,0
automation,archExceptions,4,0
automation,archExceptions,5,1
automation,archExceptions,6,1
automation,strategicAlignment,1,74
automation,strategicAlignment,2,76
automation,strategicAlignment,3,75
automation,strategicAlignment,4,78
automation,strategicAlignment,5,79
automation,strategicAlignment,6,81
automation,brams,1,1
automation,brams,2,1
automation,brams,3,1
automation,brams,4,1
automation,brams,5,2
automation,brams,6,2
automation,techRisks,1,4
automation,techRisks,2,5
automation,techRisks,3,6
automation,techRisks,4,6
automation,techRisks,5,7
automation,techRisks,6,7
automation,riskTrend,1,2
automation,riskTrend,2,2
automation,riskTrend,3,2
automation,riskTrend,4,2
automation,riskTrend,5,1
automation,riskTrend,6,1
automation,vulns,1,12
automation,vulns,2,12
automation,vulns,3,16
automation,vulns,4,17
automation,vulns,5,17
automation,vulns,6,20
automation,patchCompliance,1,100
automation,patchCompliance,2,98
automation,patchCompliance,3,97
automation,patchCompliance,4,96
automation,patchCompliance,5,95
automation,patchCompliance,6,93
automation,criticalFindings,1,0
automation,criticalFindings,2,0
automation,criticalFindings,3,0
automation,criticalFindings,4,1
automation,criticalFindings,5,1
automation,criticalFindings,6,1
automation,drCompliance,1,100
automation,drCompliance,2,100
automation,drCompliance,3,100
automation,drCompliance,4,100
automation,drCompliance,5,100
automation,drCompliance,6,99
automation,resilienceActions,1,0
automation,resilienceActions,2,1
automation,resilienceActions,3,1
automation,resilienceActions,4,1
automation,resilienceActions,5,2
automation,resilienceActions,6,2
automation,controlHealth,1,78
automation,controlHealth,2,77
automation,controlHealth,3,79
automation,controlHealth,4,83
automation,controlHealth,5,83
automation,controlHealth,6,85
automation,failedChanges,1,1
automation,failedChanges,2,1
automation,failedChanges,3,1
automation,failedChanges,4,1
automation,failedChanges,5,2
automation,failedChanges,6,2
automation,changeSuccess,1,100
automation,changeSuccess,2,100
automation,changeSuccess,3,100
automation,changeSuccess,4,100
automation,changeSuccess,5,100
automation,changeSuccess,6,100
automation,releases,1,8
automation,releases,2,7
automation,releases,3,7
automation,releases,4,7
automation,releases,5,6
automation,releases,6,6
automation,emergencyChanges,1,1
automation,emergencyChanges,2,2
automation,emergencyChanges,3,3
automation,emergencyChanges,4,3
automation,emergencyChanges,5,4
automation,emergencyChanges,6,6
automation,changeLeadTime,1,1
automation,changeLeadTime,2,1
automation,changeLeadTime,3,1
automation,changeLeadTime,4,2
automation,changeLeadTime,5,3
automation,changeLeadTime,6,3
automation,applications,1,2
automation,applications,2,3
automation,applications,3,4
automation,applications,4,7
automation,applications,5,8
automation,applications,6,9
automation,infraFootprint,1,9
automation,infraFootprint,2,13
automation,infraFootprint,3,15
automation,infraFootprint,4,27
automation,infraFootprint,5,29
automation,infraFootprint,6,35
automation,currency,1,99
automation,currency,2,99
automation,currency,3,96
automation,currency,4,95
automation,currency,5,95
automation,currency,6,92
automation,cloudMigration,1,78
automation,cloudMigration,2,78
automation,cloudMigration,3,74
automation,cloudMigration,4,73
automation,cloudMigration,5,71
automation,cloudMigration,6,71
automation,endOfSupport,1,7
automation,endOfSupport,2,8
automation,endOfSupport,3,6
automation,endOfSupport,4,6
automation,endOfSupport,5,5
automation,endOfSupport,6,5
automation,auditActions,1,0
automation,auditActions,2,1
automation,auditActions,3,1
automation,auditActions,4,1
automation,auditActions,5,2
automation,auditActions,6,2
automation,regActions,1,0
automation,regActions,2,0
automation,regActions,3,0
automation,regActions,4,0
automation,regActions,5,1
automation,regActions,6,1
automation,overdueActions,1,2
automation,overdueActions,2,2
automation,overdueActions,3,2
automation,overdueActions,4,1
automation,overdueActions,5,1
automation,overdueActions,6,1
automation,milestones,1,13
automation,milestones,2,12
automation,milestones,3,12
automation,milestones,4,11
automation,milestones,5,11
automation,milestones,6,10
automation,roadmapHealth,1,100
automation,roadmapHealth,2,100
automation,roadmapHealth,3,100
automation,roadmapHealth,4,98
automation,roadmapHealth,5,95
automation,roadmapHealth,6,95
automation,commitmentsAtRisk,1,0
automation,commitmentsAtRisk,2,0
automation,commitmentsAtRisk,3,0
automation,commitmentsAtRisk,4,0
automation,commitmentsAtRisk,5,0
automation,commitmentsAtRisk,6,0
automation,vacancies,1,0
automation,vacancies,2,1
automation,vacancies,3,1
automation,vacancies,4,2
automation,vacancies,5,2
automation,vacancies,6,2
automation,skillsRisks,1,1
automation,skillsRisks,2,1
automation,skillsRisks,3,1
automation,skillsRisks,4,1
automation,skillsRisks,5,2
automation,skillsRisks,6,2
automation,contractorDependency,1,14
automation,contractorDependency,2,13
automation,contractorDependency,3,14
automation,contractorDependency,4,15
automation,contractorDependency,5,16
automation,contractorDependency,6,18
automation,runCostVsBudget,1,88
automation,runCostVsBudget,2,89
automation,runCostVsBudget,3,90
automation,runCostVsBudget,4,92
automation,runCostVsBudget,5,93
automation,runCostVsBudget,6,94
automation,cloudSpendTrend,1,9
automation,cloudSpendTrend,2,7
automation,cloudSpendTrend,3,6
automation,cloudSpendTrend,4,5
automation,cloudSpendTrend,5,4
automation,cloudSpendTrend,6,3
automation,orphanedSpend,1,10800
automation,orphanedSpend,2,9700
automation,orphanedSpend,3,9000
automation,orphanedSpend,4,9200
automation,orphanedSpend,5,8200
automation,orphanedSpend,6,7700
automation,sloAttainment,1,100
automation,sloAttainment,2,100
automation,sloAttainment,3,100
automation,sloAttainment,4,100
automation,sloAttainment,5,100
automation,sloAttainment,6,100
automation,monitoringCoverage,1,100
automation,monitoringCoverage,2,100
automation,monitoringCoverage,3,100
automation,monitoringCoverage,4,100
automation,monitoringCoverage,5,96
automation,monitoringCoverage,6,96
automation,alertNoise,1,84
automation,alertNoise,2,80
automation,alertNoise,3,80
automation,alertNoise,4,77
automation,alertNoise,5,77
automation,alertNoise,6,75
agents,openSncs,1,9
agents,openSncs,2,9
agents,openSncs,3,11
agents,openSncs,4,11
agents,openSncs,5,13
agents,openSncs,6,14
agents,sncAge,1,45
agents,sncAge,2,44
agents,sncAge,3,41
agents,sncAge,4,37
agents,sncAge,5,35
agents,sncAge,6,33
agents,repeatSncs,1,11
agents,repeatSncs,2,14
agents,repeatSncs,3,14
agents,repeatSncs,4,15
agents,repeatSncs,5,18
agents,repeatSncs,6,20
agents,p1p2Incidents,1,22
agents,p1p2Incidents,2,20
agents,p1p2Incidents,3,19
agents,p1p2Incidents,4,18
agents,p1p2Incidents,5,18
agents,p1p2Incidents,6,16
agents,majorIncidents,1,3
agents,majorIncidents,2,3
agents,majorIncidents,3,4
agents,majorIncidents,4,4
agents,majorIncidents,5,5
agents,majorIncidents,6,5
agents,mttr,1,7
agents,mttr,2,7
agents,mttr,3,7
agents,mttr,4,9
agents,mttr,5,9
agents,mttr,6,10
agents,repeatIncidents,1,26
agents,repeatIncidents,2,24
agents,repeatIncidents,3,22
agents,repeatIncidents,4,21
agents,repeatIncidents,5,19
agents,repeatIncidents,6,17
agents,incidentBacklog,1,8
agents,incidentBacklog,2,9
agents,incidentBacklog,3,9
agents,incidentBacklog,4,10
agents,incidentBacklog,5,11
agents,incidentBacklog,6,12
agents,openProblems,1,8
agents,openProblems,2,9
agents,openProblems,3,10
agents,openProblems,4,12
agents,openProblems,5,13
agents,openProblems,6,14
agents,rcaOverdue,1,5
agents,rcaOverdue,2,5
agents,rcaOverdue,3,4
agents,rcaOverdue,4,4
agents,rcaOverdue,5,4
agents,rcaOverdue,6,3
agents,knownErrors,1,31
agents,knownErrors,2,31
agents,knownErrors,3,28
agents,knownErrors,4,26
agents,knownErrors,5,25
agents,knownErrors,6,24
agents,problemAge,1,43
agents,problemAge,2,47
agents,problemAge,3,52
agents,problemAge,4,56
agents,problemAge,5,58
agents,problemAge,6,65
agents,problemLinkage,1,69
agents,problemLinkage,2,67
agents,problemLinkage,3,64
agents,problemLinkage,4,62
agents,problemLinkage,5,60
agents,problemLinkage,6,58
agents,serviceMaturity,1,2.8
agents,serviceMaturity,2,2.8499999999999996
agents,serviceMaturity,3,2.9000000000000004
agents,serviceMaturity,4,2.7750000000000004
agents,serviceMaturity,5,2.8
agents,serviceMaturity,6,2.8000000000000003
agents,triageMaturity,1,3.8
agents,triageMaturity,2,3.8
agents,triageMaturity,3,3.6
agents,triageMaturity,4,3.4
agents,triageMaturity,5,3.4
agents,triageMaturity,6,3.2
agents,incidentMaturity,1,2.6
agents,incidentMaturity,2,2.7
agents,incidentMaturity,3,2.9
agents,incidentMaturity,4,2.9
agents,incidentMaturity,5,2.9
agents,incidentMaturity,6,3.1
agents,recoveryMaturity,1,2.8
agents,recoveryMaturity,2,2.7
agents,recoveryMaturity,3,2.8
agents,recoveryMaturity,4,2.6
agents,recoveryMaturity,5,2.6
agents,recoveryMaturity,6,2.5
agents,resolutionMaturity,1,2
agents,resolutionMaturity,2,2.2
agents,resolutionMaturity,3,2.3
agents,resolutionMaturity,4,2.2
agents,resolutionMaturity,5,2.3
agents,resolutionMaturity,6,2.4
agents,runbookCoverage,1,84
agents,runbookCoverage,2,82
agents,runbookCoverage,3,80
agents,runbookCoverage,4,78
agents,runbookCoverage,5,75
agents,runbookCoverage,6,73
agents,mtta,1,19
agents,mtta,2,23
agents,mtta,3,23
agents,mtta,4,26
agents,mtta,5,29
agents,mtta,6,31
agents,techDebt,1,44
agents,techDebt,2,47
agents,techDebt,3,51
agents,techDebt,4,58
agents,techDebt,5,59
agents,techDebt,6,65
agents,archExceptions,1,8
agents,archExceptions,2,8
agents,archExceptions,3,7
agents,archExceptions,4,7
agents,archExceptions,5,6
agents,archExceptions,6,6
agents,strategicAlignment,1,80
agents,strategicAlignment,2,75
agents,strategicAlignment,3,73
agents,strategicAlignment,4,71
agents,strategicAlignment,5,68
agents,strategicAlignment,6,65
agents,brams,1,9
agents,brams,2,9
agents,brams,3,8
agents,brams,4,8
agents,brams,5,7
agents,brams,6,7
agents,techRisks,1,6
agents,techRisks,2,7
agents,techRisks,3,9
agents,techRisks,4,9
agents,techRisks,5,10
agents,techRisks,6,11
agents,riskTrend,1,4
agents,riskTrend,2,4
agents,riskTrend,3,4
agents,riskTrend,4,3
agents,riskTrend,5,2
agents,riskTrend,6,2
agents,vulns,1,28
agents,vulns,2,30
agents,vulns,3,34
agents,vulns,4,35
agents,vulns,5,39
agents,vulns,6,41
agents,patchCompliance,1,85
agents,patchCompliance,2,81
agents,patchCompliance,3,81
agents,patchCompliance,4,76
agents,patchCompliance,5,74
agents,patchCompliance,6,72
agents,criticalFindings,1,5
agents,criticalFindings,2,5
agents,criticalFindings,3,5
agents,criticalFindings,4,4
agents,criticalFindings,5,3
agents,criticalFindings,6,3
agents,drCompliance,1,57
agents,drCompliance,2,59
agents,drCompliance,3,62
agents,drCompliance,4,65
agents,drCompliance,5,66
agents,drCompliance,6,70
agents,resilienceActions,1,5
agents,resilienceActions,2,6
agents,resilienceActions,3,7
agents,resilienceActions,4,7
agents,resilienceActions,5,7
agents,resilienceActions,6,8
agents,controlHealth,1,64
agents,controlHealth,2,66
agents,controlHealth,3,68
agents,controlHealth,4,71
agents,controlHealth,5,74
agents,controlHealth,6,76
agents,failedChanges,1,5
agents,failedChanges,2,5
agents,failedChanges,3,6
agents,failedChanges,4,6
agents,failedChanges,5,6
agents,failedChanges,6,7
agents,changeSuccess,1,79
agents,changeSuccess,2,77
agents,changeSuccess,3,75
agents,changeSuccess,4,73
agents,changeSuccess,5,69
agents,changeSuccess,6,66
agents,releases,1,9
agents,releases,2,8
agents,releases,3,7
agents,releases,4,6
agents,releases,5,6
agents,releases,6,5
agents,emergencyChanges,1,30
agents,emergencyChanges,2,28
agents,emergencyChanges,3,25
agents,emergencyChanges,4,23
agents,emergencyChanges,5,22
agents,emergencyChanges,6,20
agents,changeLeadTime,1,18
agents,changeLeadTime,2,17
agents,changeLeadTime,3,16
agents,changeLeadTime,4,15
agents,changeLeadTime,5,14
agents,changeLeadTime,6,13
agents,applications,1,0
agents,applications,2,0
agents,applications,3,3
agents,applications,4,5
agents,applications,5,7
agents,applications,6,10
agents,infraFootprint,1,100
agents,infraFootprint,2,117
agents,infraFootprint,3,123
agents,infraFootprint,4,132
agents,infraFootprint,5,150
agents,infraFootprint,6,158
agents,currency,1,61
agents,currency,2,64
agents,currency,3,67
agents,currency,4,69
agents,currency,5,73
agents,currency,6,76
agents,cloudMigration,1,66
agents,cloudMigration,2,61
agents,cloudMigration,3,60
agents,cloudMigration,4,56
agents,cloudMigration,5,53
agents,cloudMigration,6,51
agents,endOfSupport,1,17
agents,endOfSupport,2,17
agents,endOfSupport,3,15
agents,endOfSupport,4,15
agents,endOfSupport,5,14
agents,endOfSupport,6,13
agents,auditActions,1,3
agents,auditActions,2,3
agents,auditActions,3,4
agents,auditActions,4,4
agents,auditActions,5,4
agents,auditActions,6,5
agents,regActions,1,7
agents,regActions,2,7
agents,regActions,3,6
agents,regActions,4,6
agents,regActions,5,5
agents,regActions,6,5
agents,overdueActions,1,2
agents,overdueActions,2,2
agents,overdueActions,3,2
agents,overdueActions,4,3
agents,overdueActions,5,3
agents,overdueActions,6,4
agents,milestones,1,12
agents,milestones,2,11
agents,milestones,3,9
agents,milestones,4,8
agents,milestones,5,7
agents,milestones,6,6
agents,roadmapHealth,1,83
agents,roadmapHealth,2,79
agents,roadmapHealth,3,76
agents,roadmapHealth,4,74
agents,roadmapHealth,5,71
agents,roadmapHealth,6,69
agents,commitmentsAtRisk,1,2
agents,commitmentsAtRisk,2,2
agents,commitmentsAtRisk,3,3
agents,commitmentsAtRisk,4,3
agents,commitmentsAtRisk,5,4
agents,commitmentsAtRisk,6,4
agents,vacancies,1,3
agents,vacancies,2,3
agents,vacancies,3,4
agents,vacancies,4,4
agents,vacancies,5,4
agents,vacancies,6,5
agents,skillsRisks,1,4
agents,skillsRisks,2,4
agents,skillsRisks,3,5
agents,skillsRisks,4,5
agents,skillsRisks,5,6
agents,skillsRisks,6,6
agents,contractorDependency,1,26
agents,contractorDependency,2,27
agents,contractorDependency,3,29
agents,contractorDependency,4,32
agents,contractorDependency,5,34
agents,contractorDependency,6,35
agents,runCostVsBudget,1,108
agents,runCostVsBudget,2,110
agents,runCostVsBudget,3,111
agents,runCostVsBudget,4,113
agents,runCostVsBudget,5,115
agents,runCostVsBudget,6,117
agents,cloudSpendTrend,1,7
agents,cloudSpendTrend,2,10
agents,cloudSpendTrend,3,10
agents,cloudSpendTrend,4,12
agents,cloudSpendTrend,5,13
agents,cloudSpendTrend,6,16
agents,orphanedSpend,1,15000
agents,orphanedSpend,2,13900
agents,orphanedSpend,3,13200
agents,orphanedSpend,4,12200
agents,orphanedSpend,5,11500
agents,orphanedSpend,6,10300
agents,sloAttainment,1,90
agents,sloAttainment,2,88
agents,sloAttainment,3,84
agents,sloAttainment,4,81
agents,sloAttainment,5,80
agents,sloAttainment,6,76
agents,monitoringCoverage,1,86
agents,monitoringCoverage,2,83
agents,monitoringCoverage,3,80
agents,monitoringCoverage,4,78
agents,monitoringCoverage,5,74
agents,monitoringCoverage,6,72
agents,alertNoise,1,37
agents,alertNoise,2,40
agents,alertNoise,3,44
agents,alertNoise,4,46
agents,alertNoise,5,49
agents,alertNoise,6,51
observability,openSncs,1,3
observability,openSncs,2,3
observability,openSncs,3,4
observability,openSncs,4,5
observability,openSncs,5,5
observability,openSncs,6,6
observability,sncAge,1,0
observability,sncAge,2,2
observability,sncAge,3,4
observability,sncAge,4,7
observability,sncAge,5,7
observability,sncAge,6,9
observability,repeatSncs,1,5
observability,repeatSncs,2,6
observability,repeatSncs,3,8
observability,repeatSncs,4,9
observability,repeatSncs,5,11
observability,repeatSncs,6,11
observability,p1p2Incidents,1,6
observability,p1p2Incidents,2,8
observability,p1p2Incidents,3,8
observability,p1p2Incidents,4,9
observability,p1p2Incidents,5,9
observability,p1p2Incidents,6,10
observability,majorIncidents,1,1
observability,majorIncidents,2,1
observability,majorIncidents,3,1
observability,majorIncidents,4,2
observability,majorIncidents,5,2
observability,majorIncidents,6,2
observability,mttr,1,3
observability,mttr,2,3
observability,mttr,3,4
observability,mttr,4,4
observability,mttr,5,5
observability,mttr,6,5
observability,repeatIncidents,1,8
observability,repeatIncidents,2,9
observability,repeatIncidents,3,9
observability,repeatIncidents,4,10
observability,repeatIncidents,5,11
observability,repeatIncidents,6,13
observability,incidentBacklog,1,5
observability,incidentBacklog,2,6
observability,incidentBacklog,3,6
observability,incidentBacklog,4,7
observability,incidentBacklog,5,8
observability,incidentBacklog,6,8
observability,openProblems,1,9
observability,openProblems,2,8
observability,openProblems,3,8
observability,openProblems,4,7
observability,openProblems,5,6
observability,openProblems,6,5
observability,rcaOverdue,1,0
observability,rcaOverdue,2,0
observability,rcaOverdue,3,0
observability,rcaOverdue,4,0
observability,rcaOverdue,5,0
observability,rcaOverdue,6,0
observability,knownErrors,1,0
observability,knownErrors,2,1
observability,knownErrors,3,1
observability,knownErrors,4,2
observability,knownErrors,5,4
observability,knownErrors,6,5
observability,problemAge,1,25
observability,problemAge,2,32
observability,problemAge,3,34
observability,problemAge,4,36
observability,problemAge,5,42
observability,problemAge,6,43
observability,problemLinkage,1,94
observability,problemLinkage,2,94
observability,problemLinkage,3,93
observability,problemLinkage,4,89
observability,problemLinkage,5,88
observability,problemLinkage,6,87
observability,serviceMaturity,1,3.825
observability,serviceMaturity,2,3.85
observability,serviceMaturity,3,3.875
observability,serviceMaturity,4,3.875
observability,serviceMaturity,5,3.9749999999999996
observability,serviceMaturity,6,4.025
observability,triageMaturity,1,3.7
observability,triageMaturity,2,3.8
observability,triageMaturity,3,3.9
observability,triageMaturity,4,4
observability,triageMaturity,5,4.2
observability,triageMaturity,6,4.4
observability,incidentMaturity,1,3.9
observability,incidentMaturity,2,4
observability,incidentMaturity,3,4.1
observability,incidentMaturity,4,4.2
observability,incidentMaturity,5,4.2
observability,incidentMaturity,6,4.3
observability,recoveryMaturity,1,3.5
observability,recoveryMaturity,2,3.6
observability,recoveryMaturity,3,3.7
observability,recoveryMaturity,4,3.6
observability,recoveryMaturity,5,3.8
observability,recoveryMaturity,6,3.9
observability,resolutionMaturity,1,4.2
observability,resolutionMaturity,2,4
observability,resolutionMaturity,3,3.8
observability,resolutionMaturity,4,3.7
observability,resolutionMaturity,5,3.7
observability,resolutionMaturity,6,3.5
observability,runbookCoverage,1,100
observability,runbookCoverage,2,100
observability,runbookCoverage,3,100
observability,runbookCoverage,4,100
observability,runbookCoverage,5,100
observability,runbookCoverage,6,100
observability,mtta,1,0
observability,mtta,2,0
observability,mtta,3,0
observability,mtta,4,0
observability,mtta,5,2
observability,mtta,6,2
observability,techDebt,1,3
observability,techDebt,2,4
observability,techDebt,3,8
observability,techDebt,4,9
observability,techDebt,5,11
observability,techDebt,6,15
observability,archExceptions,1,0
observability,archExceptions,2,1
observability,archExceptions,3,1
observability,archExceptions,4,1
observability,archExceptions,5,2
observability,archExceptions,6,2
observability,strategicAlignment,1,83
observability,strategicAlignment,2,81
observability,strategicAlignment,3,78
observability,strategicAlignment,4,77
observability,strategicAlignment,5,76
observability,strategicAlignment,6,73
observability,brams,1,2
observability,brams,2,2
observability,brams,3,2
observability,brams,4,2
observability,brams,5,3
observability,brams,6,3
observability,techRisks,1,2
observability,techRisks,2,3
observability,techRisks,3,4
observability,techRisks,4,4
observability,techRisks,5,5
observability,techRisks,6,5
observability,riskTrend,1,4
observability,riskTrend,2,3
observability,riskTrend,3,3
observability,riskTrend,4,3
observability,riskTrend,5,2
observability,riskTrend,6,2
observability,vulns,1,30
observability,vulns,2,28
observability,vulns,3,26
observability,vulns,4,24
observability,vulns,5,23
observability,vulns,6,20
observability,patchCompliance,1,81
observability,patchCompliance,2,85
observability,patchCompliance,3,85
observability,patchCompliance,4,89
observability,patchCompliance,5,89
observability,patchCompliance,6,91
observability,criticalFindings,1,1
observability,criticalFindings,2,1
observability,criticalFindings,3,1
observability,criticalFindings,4,1
observability,criticalFindings,5,0
observability,criticalFindings,6,0
observability,drCompliance,1,71
observability,drCompliance,2,73
observability,drCompliance,3,75
observability,drCompliance,4,78
observability,drCompliance,5,77
observability,drCompliance,6,80
observability,resilienceActions,1,2
observability,resilienceActions,2,3
observability,resilienceActions,3,3
observability,resilienceActions,4,3
observability,resilienceActions,5,4
observability,resilienceActions,6,4
observability,controlHealth,1,90
observability,controlHealth,2,90
observability,controlHealth,3,88
observability,controlHealth,4,84
observability,controlHealth,5,84
observability,controlHealth,6,82
observability,failedChanges,1,1
observability,failedChanges,2,2
observability,failedChanges,3,2
observability,failedChanges,4,2
observability,failedChanges,5,3
observability,failedChanges,6,3
observability,changeSuccess,1,92
observability,changeSuccess,2,92
observability,changeSuccess,3,92
observability,changeSuccess,4,88
observability,changeSuccess,5,87
observability,changeSuccess,6,85
observability,releases,1,8
observability,releases,2,8
observability,releases,3,7
observability,releases,4,7
observability,releases,5,6
observability,releases,6,6
observability,emergencyChanges,1,0
observability,emergencyChanges,2,0
observability,emergencyChanges,3,0
observability,emergencyChanges,4,0
observability,emergencyChanges,5,0
observability,emergencyChanges,6,2
observability,changeLeadTime,1,2
observability,changeLeadTime,2,2
observability,changeLeadTime,3,3
observability,changeLeadTime,4,3
observability,changeLeadTime,5,5
observability,changeLeadTime,6,5
observability,applications,1,0
observability,applications,2,0
observability,applications,3,0
observability,applications,4,1
observability,applications,5,3
observability,applications,6,3
observability,infraFootprint,1,57
observability,infraFootprint,2,68
observability,infraFootprint,3,75
observability,infraFootprint,4,81
observability,infraFootprint,5,90
observability,infraFootprint,6,92
observability,currency,1,76
observability,currency,2,78
observability,currency,3,81
observability,currency,4,81
observability,currency,5,84
observability,currency,6,85
observability,cloudMigration,1,85
observability,cloudMigration,2,82
observability,cloudMigration,3,81
observability,cloudMigration,4,79
observability,cloudMigration,5,78
observability,cloudMigration,6,76
observability,endOfSupport,1,9
observability,endOfSupport,2,8
observability,endOfSupport,3,8
observability,endOfSupport,4,7
observability,endOfSupport,5,6
observability,endOfSupport,6,6
observability,auditActions,1,4
observability,auditActions,2,4
observability,auditActions,3,4
observability,auditActions,4,4
observability,auditActions,5,3
observability,auditActions,6,3
observability,regActions,1,0
observability,regActions,2,0
observability,regActions,3,0
observability,regActions,4,0
observability,regActions,5,1
observability,regActions,6,1
observability,overdueActions,1,1
observability,overdueActions,2,1
observability,overdueActions,3,1
observability,overdueActions,4,2
observability,overdueActions,5,2
observability,overdueActions,6,2
observability,milestones,1,1
observability,milestones,2,2
observability,milestones,3,3
observability,milestones,4,3
observability,milestones,5,5
observability,milestones,6,5
observability,roadmapHealth,1,80
observability,roadmapHealth,2,83
observability,roadmapHealth,3,86
observability,roadmapHealth,4,86
observability,roadmapHealth,5,88
observability,roadmapHealth,6,90
observability,commitmentsAtRisk,1,0
observability,commitmentsAtRisk,2,0
observability,commitmentsAtRisk,3,0
observability,commitmentsAtRisk,4,1
observability,commitmentsAtRisk,5,1
observability,commitmentsAtRisk,6,1
observability,vacancies,1,0
observability,vacancies,2,0
observability,vacancies,3,0
observability,vacancies,4,1
observability,vacancies,5,1
observability,vacancies,6,1
observability,skillsRisks,1,2
observability,skillsRisks,2,2
observability,skillsRisks,3,2
observability,skillsRisks,4,2
observability,skillsRisks,5,3
observability,skillsRisks,6,3
observability,contractorDependency,1,11
observability,contractorDependency,2,13
observability,contractorDependency,3,13
observability,contractorDependency,4,14
observability,contractorDependency,5,15
observability,contractorDependency,6,17
observability,runCostVsBudget,1,94
observability,runCostVsBudget,2,95
observability,runCostVsBudget,3,96
observability,runCostVsBudget,4,96
observability,runCostVsBudget,5,97
observability,runCostVsBudget,6,99
observability,cloudSpendTrend,1,-3
observability,cloudSpendTrend,2,-1
observability,cloudSpendTrend,3,-1
observability,cloudSpendTrend,4,0
observability,cloudSpendTrend,5,2
observability,cloudSpendTrend,6,3
observability,orphanedSpend,1,4900
observability,orphanedSpend,2,5500
observability,orphanedSpend,3,6400
observability,orphanedSpend,4,6800
observability,orphanedSpend,5,7400
observability,orphanedSpend,6,8000
observability,sloAttainment,1,100
observability,sloAttainment,2,100
observability,sloAttainment,3,100
observability,sloAttainment,4,100
observability,sloAttainment,5,99
observability,sloAttainment,6,98
observability,monitoringCoverage,1,100
observability,monitoringCoverage,2,97
observability,monitoringCoverage,3,95
observability,monitoringCoverage,4,94
observability,monitoringCoverage,5,94
observability,monitoringCoverage,6,91
observability,alertNoise,1,68
observability,alertNoise,2,66
observability,alertNoise,3,66
observability,alertNoise,4,64
observability,alertNoise,5,61
observability,alertNoise,6,60
warehouse,openSncs,1,8
warehouse,openSncs,2,8
warehouse,openSncs,3,8
warehouse,openSncs,4,10
warehouse,openSncs,5,10
warehouse,openSncs,6,11
warehouse,sncAge,1,11
warehouse,sncAge,2,14
warehouse,sncAge,3,15
warehouse,sncAge,4,18
warehouse,sncAge,5,19
warehouse,sncAge,6,22
warehouse,repeatSncs,1,10
warehouse,repeatSncs,2,12
warehouse,repeatSncs,3,14
warehouse,repeatSncs,4,15
warehouse,repeatSncs,5,15
warehouse,repeatSncs,6,17
warehouse,p1p2Incidents,1,4
warehouse,p1p2Incidents,2,4
warehouse,p1p2Incidents,3,6
warehouse,p1p2Incidents,4,7
warehouse,p1p2Incidents,5,7
warehouse,p1p2Incidents,6,8
warehouse,majorIncidents,1,1
warehouse,majorIncidents,2,2
warehouse,majorIncidents,3,2
warehouse,majorIncidents,4,2
warehouse,majorIncidents,5,2
warehouse,majorIncidents,6,3
warehouse,mttr,1,1
warehouse,mttr,2,2
warehouse,mttr,3,2
warehouse,mttr,4,3
warehouse,mttr,5,4
warehouse,mttr,6,4
warehouse,repeatIncidents,1,13
warehouse,repeatIncidents,2,15
warehouse,repeatIncidents,3,16
warehouse,repeatIncidents,4,17
warehouse,repeatIncidents,5,19
warehouse,repeatIncidents,6,20
warehouse,incidentBacklog,1,9
warehouse,incidentBacklog,2,8
warehouse,incidentBacklog,3,8
warehouse,incidentBacklog,4,8
warehouse,incidentBacklog,5,7
warehouse,incidentBacklog,6,6
warehouse,openProblems,1,5
warehouse,openProblems,2,5
warehouse,openProblems,3,6
warehouse,openProblems,4,7
warehouse,openProblems,5,8
warehouse,openProblems,6,9
warehouse,rcaOverdue,1,0
warehouse,rcaOverdue,2,0
warehouse,rcaOverdue,3,0
warehouse,rcaOverdue,4,0
warehouse,rcaOverdue,5,0
warehouse,rcaOverdue,6,0
warehouse,knownErrors,1,25
warehouse,knownErrors,2,22
warehouse,knownErrors,3,22
warehouse,knownErrors,4,21
warehouse,knownErrors,5,19
warehouse,knownErrors,6,18
warehouse,problemAge,1,17
warehouse,problemAge,2,18
warehouse,problemAge,3,23
warehouse,problemAge,4,24
warehouse,problemAge,5,28
warehouse,problemAge,6,33
warehouse,problemLinkage,1,81
warehouse,problemLinkage,2,78
warehouse,problemLinkage,3,77
warehouse,problemLinkage,4,77
warehouse,problemLinkage,5,73
warehouse,problemLinkage,6,72
warehouse,serviceMaturity,1,2.8499999999999996
warehouse,serviceMaturity,2,2.975
warehouse,serviceMaturity,3,3.1
warehouse,serviceMaturity,4,3.225
warehouse,serviceMaturity,5,3.325
warehouse,serviceMaturity,6,3.425
warehouse,triageMaturity,1,2.7
warehouse,triageMaturity,2,2.9
warehouse,triageMaturity,3,3
warehouse,triageMaturity,4,3.3
warehouse,triageMaturity,5,3.4
warehouse,triageMaturity,6,3.5
warehouse,incidentMaturity,1,3.3
warehouse,incidentMaturity,2,3.4
warehouse,incidentMaturity,3,3.5
warehouse,incidentMaturity,4,3.5
warehouse,incidentMaturity,5,3.6
warehouse,incidentMaturity,6,3.7
warehouse,recoveryMaturity,1,2.6
warehouse,recoveryMaturity,2,2.7
warehouse,recoveryMaturity,3,2.9
warehouse,recoveryMaturity,4,3
warehouse,recoveryMaturity,5,3.1
warehouse,recoveryMaturity,6,3.3
warehouse,resolutionMaturity,1,2.8
warehouse,resolutionMaturity,2,2.9
warehouse,resolutionMaturity,3,3
warehouse,resolutionMaturity,4,3.1
warehouse,resolutionMaturity,5,3.2
warehouse,resolutionMaturity,6,3.2
warehouse,runbookCoverage,1,98
warehouse,runbookCoverage,2,97
warehouse,runbookCoverage,3,96
warehouse,runbookCoverage,4,95
warehouse,runbookCoverage,5,91
warehouse,runbookCoverage,6,90
warehouse,mtta,1,3
warehouse,mtta,2,3
warehouse,mtta,3,5
warehouse,mtta,4,10
warehouse,mtta,5,11
warehouse,mtta,6,12
warehouse,techDebt,1,25
warehouse,techDebt,2,28
warehouse,techDebt,3,30
warehouse,techDebt,4,33
warehouse,techDebt,5,36
warehouse,techDebt,6,40
warehouse,archExceptions,1,4
warehouse,archExceptions,2,4
warehouse,archExceptions,3,3
warehouse,archExceptions,4,3
warehouse,archExceptions,5,3
warehouse,archExceptions,6,2
warehouse,strategicAlignment,1,90
warehouse,strategicAlignment,2,89
warehouse,strategicAlignment,3,86
warehouse,strategicAlignment,4,85
warehouse,strategicAlignment,5,82
warehouse,strategicAlignment,6,81
warehouse,brams,1,1
warehouse,brams,2,2
warehouse,brams,3,2
warehouse,brams,4,2
warehouse,brams,5,3
warehouse,brams,6,3
warehouse,techRisks,1,7
warehouse,techRisks,2,7
warehouse,techRisks,3,8
warehouse,techRisks,4,8
warehouse,techRisks,5,9
warehouse,techRisks,6,10
warehouse,riskTrend,1,0
warehouse,riskTrend,2,1
warehouse,riskTrend,3,1
warehouse,riskTrend,4,1
warehouse,riskTrend,5,2
warehouse,riskTrend,6,2
warehouse,vulns,1,22
warehouse,vulns,2,22
warehouse,vulns,3,26
warehouse,vulns,4,26
warehouse,vulns,5,30
warehouse,vulns,6,31
warehouse,patchCompliance,1,96
warehouse,patchCompliance,2,93
warehouse,patchCompliance,3,93
warehouse,patchCompliance,4,91
warehouse,patchCompliance,5,87
warehouse,patchCompliance,6,86
warehouse,criticalFindings,1,0
warehouse,criticalFindings,2,0
warehouse,criticalFindings,3,0
warehouse,criticalFindings,4,0
warehouse,criticalFindings,5,1
warehouse,criticalFindings,6,1
warehouse,drCompliance,1,95
warehouse,drCompliance,2,92
warehouse,drCompliance,3,90
warehouse,drCompliance,4,88
warehouse,drCompliance,5,88
warehouse,drCompliance,6,85
warehouse,resilienceActions,1,1
warehouse,resilienceActions,2,2
warehouse,resilienceActions,3,2
warehouse,resilienceActions,4,2
warehouse,resilienceActions,5,3
warehouse,resilienceActions,6,3
warehouse,controlHealth,1,93
warehouse,controlHealth,2,91
warehouse,controlHealth,3,89
warehouse,controlHealth,4,86
warehouse,controlHealth,5,84
warehouse,controlHealth,6,83
warehouse,failedChanges,1,1
warehouse,failedChanges,2,2
warehouse,failedChanges,3,2
warehouse,failedChanges,4,2
warehouse,failedChanges,5,2
warehouse,failedChanges,6,3
warehouse,changeSuccess,1,98
warehouse,changeSuccess,2,94
warehouse,changeSuccess,3,94
warehouse,changeSuccess,4,92
warehouse,changeSuccess,5,89
warehouse,changeSuccess,6,87
warehouse,releases,1,7
warehouse,releases,2,6
warehouse,releases,3,6
warehouse,releases,4,5
warehouse,releases,5,4
warehouse,releases,6,4
warehouse,emergencyChanges,1,21
warehouse,emergencyChanges,2,18
warehouse,emergencyChanges,3,17
warehouse,emergencyChanges,4,15
warehouse,emergencyChanges,5,14
warehouse,emergencyChanges,6,13
warehouse,changeLeadTime,1,7
warehouse,changeLeadTime,2,8
warehouse,changeLeadTime,3,8
warehouse,changeLeadTime,4,8
warehouse,changeLeadTime,5,9
warehouse,changeLeadTime,6,10
warehouse,applications,1,13
warehouse,applications,2,10
warehouse,applications,3,8
warehouse,applications,4,6
warehouse,applications,5,5
warehouse,applications,6,4
warehouse,infraFootprint,1,89
warehouse,infraFootprint,2,93
warehouse,infraFootprint,3,101
warehouse,infraFootprint,4,111
warehouse,infraFootprint,5,115
warehouse,infraFootprint,6,124
warehouse,currency,1,88
warehouse,currency,2,87
warehouse,currency,3,85
warehouse,currency,4,83
warehouse,currency,5,79
warehouse,currency,6,78
warehouse,cloudMigration,1,77
warehouse,cloudMigration,2,76
warehouse,cloudMigration,3,75
warehouse,cloudMigration,4,70
warehouse,cloudMigration,5,68
warehouse,cloudMigration,6,67
warehouse,endOfSupport,1,2
warehouse,endOfSupport,2,3
warehouse,endOfSupport,3,3
warehouse,endOfSupport,4,4
warehouse,endOfSupport,5,4
warehouse,endOfSupport,6,5
warehouse,auditActions,1,0
warehouse,auditActions,2,0
warehouse,auditActions,3,1
warehouse,auditActions,4,1
warehouse,auditActions,5,2
warehouse,auditActions,6,2
warehouse,regActions,1,0
warehouse,regActions,2,0
warehouse,regActions,3,0
warehouse,regActions,4,0
warehouse,regActions,5,1
warehouse,regActions,6,1
warehouse,overdueActions,1,2
warehouse,overdueActions,2,1
warehouse,overdueActions,3,1
warehouse,overdueActions,4,1
warehouse,overdueActions,5,0
warehouse,overdueActions,6,0
warehouse,milestones,1,6
warehouse,milestones,2,7
warehouse,milestones,3,7
warehouse,milestones,4,8
warehouse,milestones,5,10
warehouse,milestones,6,10
warehouse,roadmapHealth,1,89
warehouse,roadmapHealth,2,86
warehouse,roadmapHealth,3,85
warehouse,roadmapHealth,4,82
warehouse,roadmapHealth,5,81
warehouse,roadmapHealth,6,78
warehouse,commitmentsAtRisk,1,0
warehouse,commitmentsAtRisk,2,0
warehouse,commitmentsAtRisk,3,0
warehouse,commitmentsAtRisk,4,0
warehouse,commitmentsAtRisk,5,0
warehouse,commitmentsAtRisk,6,1
warehouse,vacancies,1,4
warehouse,vacancies,2,3
warehouse,vacancies,3,3
warehouse,vacancies,4,3
warehouse,vacancies,5,2
warehouse,vacancies,6,2
warehouse,skillsRisks,1,6
warehouse,skillsRisks,2,5
warehouse,skillsRisks,3,5
warehouse,skillsRisks,4,5
warehouse,skillsRisks,5,4
warehouse,skillsRisks,6,4
warehouse,contractorDependency,1,15
warehouse,contractorDependency,2,15
warehouse,contractorDependency,3,16
warehouse,contractorDependency,4,18
warehouse,contractorDependency,5,19
warehouse,contractorDependency,6,21
warehouse,runCostVsBudget,1,95
warehouse,runCostVsBudget,2,96
warehouse,runCostVsBudget,3,99
warehouse,runCostVsBudget,4,98
warehouse,runCostVsBudget,5,101
warehouse,runCostVsBudget,6,102
warehouse,cloudSpendTrend,1,15
warehouse,cloudSpendTrend,2,15
warehouse,cloudSpendTrend,3,13
warehouse,cloudSpendTrend,4,11
warehouse,cloudSpendTrend,5,10
warehouse,cloudSpendTrend,6,9
warehouse,orphanedSpend,1,1800
warehouse,orphanedSpend,2,2700
warehouse,orphanedSpend,3,3500
warehouse,orphanedSpend,4,4400
warehouse,orphanedSpend,5,5100
warehouse,orphanedSpend,6,5400
warehouse,sloAttainment,1,100
warehouse,sloAttainment,2,100
warehouse,sloAttainment,3,97
warehouse,sloAttainment,4,95
warehouse,sloAttainment,5,93
warehouse,sloAttainment,6,91
warehouse,monitoringCoverage,1,86
warehouse,monitoringCoverage,2,86
warehouse,monitoringCoverage,3,84
warehouse,monitoringCoverage,4,81
warehouse,monitoringCoverage,5,79
warehouse,monitoringCoverage,6,77
warehouse,alertNoise,1,49
warehouse,alertNoise,2,52
warehouse,alertNoise,3,55
warehouse,alertNoise,4,57
warehouse,alertNoise,5,58
warehouse,alertNoise,6,60
analytics,openSncs,1,8
analytics,openSncs,2,7
analytics,openSncs,3,7
analytics,openSncs,4,6
analytics,openSncs,5,6
analytics,openSncs,6,5
analytics,sncAge,1,23
analytics,sncAge,2,22
analytics,sncAge,3,20
analytics,sncAge,4,19
analytics,sncAge,5,16
analytics,sncAge,6,16
analytics,repeatSncs,1,7
analytics,repeatSncs,2,8
analytics,repeatSncs,3,9
analytics,repeatSncs,4,10
analytics,repeatSncs,5,11
analytics,repeatSncs,6,12
analytics,p1p2Incidents,1,5
analytics,p1p2Incidents,2,5
analytics,p1p2Incidents,3,6
analytics,p1p2Incidents,4,6
analytics,p1p2Incidents,5,7
analytics,p1p2Incidents,6,8
analytics,majorIncidents,1,1
analytics,majorIncidents,2,1
analytics,majorIncidents,3,1
analytics,majorIncidents,4,0
analytics,majorIncidents,5,1
analytics,majorIncidents,6,0
analytics,mttr,1,1
analytics,mttr,2,2
analytics,mttr,3,2
analytics,mttr,4,2
analytics,mttr,5,2
analytics,mttr,6,3
analytics,repeatIncidents,1,5
analytics,repeatIncidents,2,6
analytics,repeatIncidents,3,7
analytics,repeatIncidents,4,8
analytics,repeatIncidents,5,10
analytics,repeatIncidents,6,11
analytics,incidentBacklog,1,3
analytics,incidentBacklog,2,4
analytics,incidentBacklog,3,4
analytics,incidentBacklog,4,5
analytics,incidentBacklog,5,5
analytics,incidentBacklog,6,6
analytics,openProblems,1,0
analytics,openProblems,2,0
analytics,openProblems,3,0
analytics,openProblems,4,1
analytics,openProblems,5,1
analytics,openProblems,6,2
analytics,rcaOverdue,1,0
analytics,rcaOverdue,2,0
analytics,rcaOverdue,3,0
analytics,rcaOverdue,4,0
analytics,rcaOverdue,5,0
analytics,rcaOverdue,6,0
analytics,knownErrors,1,0
analytics,knownErrors,2,0
analytics,knownErrors,3,0
analytics,knownErrors,4,0
analytics,knownErrors,5,0
analytics,knownErrors,6,1
analytics,problemAge,1,19
analytics,problemAge,2,24
analytics,problemAge,3,26
analytics,problemAge,4,26
analytics,problemAge,5,29
analytics,problemAge,6,32
analytics,problemLinkage,1,78
analytics,problemLinkage,2,80
analytics,problemLinkage,3,81
analytics,problemLinkage,4,82
analytics,problemLinkage,5,83
analytics,problemLinkage,6,85
analytics,serviceMaturity,1,4.0249999999999995
analytics,serviceMaturity,2,4.05
analytics,serviceMaturity,3,4.1
analytics,serviceMaturity,4,4.15
analytics,serviceMaturity,5,4.225
analytics,serviceMaturity,6,4.275
analytics,triageMaturity,1,4.3
analytics,triageMaturity,2,4.3
analytics,triageMaturity,3,4.4
analytics,triageMaturity,4,4.5
analytics,triageMaturity,5,4.6
analytics,triageMaturity,6,4.7
analytics,incidentMaturity,1,4.6
analytics,incidentMaturity,2,4.6
analytics,incidentMaturity,3,4.5
analytics,incidentMaturity,4,4.4
analytics,incidentMaturity,5,4.3
analytics,incidentMaturity,6,4.3
analytics,recoveryMaturity,1,3.8
analytics,recoveryMaturity,2,3.8
analytics,recoveryMaturity,3,4
analytics,recoveryMaturity,4,4.1
analytics,recoveryMaturity,5,4.3
analytics,recoveryMaturity,6,4.3
analytics,resolutionMaturity,1,3.4
analytics,resolutionMaturity,2,3.5
analytics,resolutionMaturity,3,3.5
analytics,resolutionMaturity,4,3.6
analytics,resolutionMaturity,5,3.7
analytics,resolutionMaturity,6,3.8
analytics,runbookCoverage,1,100
analytics,runbookCoverage,2,98
analytics,runbookCoverage,3,97
analytics,runbookCoverage,4,97
analytics,runbookCoverage,5,94
analytics,runbookCoverage,6,94
analytics,mtta,1,11
analytics,mtta,2,11
analytics,mtta,3,15
analytics,mtta,4,15
analytics,mtta,5,18
analytics,mtta,6,18
analytics,techDebt,1,23
analytics,techDebt,2,18
analytics,techDebt,3,16
analytics,techDebt,4,17
analytics,techDebt,5,13
analytics,techDebt,6,10
analytics,archExceptions,1,4
analytics,archExceptions,2,4
analytics,archExceptions,3,4
analytics,archExceptions,4,4
analytics,archExceptions,5,3
analytics,archExceptions,6,3
analytics,strategicAlignment,1,87
analytics,strategicAlignment,2,85
analytics,strategicAlignment,3,85
analytics,strategicAlignment,4,82
analytics,strategicAlignment,5,82
analytics,strategicAlignment,6,80
analytics,brams,1,0
analytics,brams,2,0
analytics,brams,3,0
analytics,brams,4,1
analytics,brams,5,1
analytics,brams,6,1
analytics,techRisks,1,1
analytics,techRisks,2,1
analytics,techRisks,3,1
analytics,techRisks,4,2
analytics,techRisks,5,2
analytics,techRisks,6,3
analytics,riskTrend,1,1
analytics,riskTrend,2,1
analytics,riskTrend,3,1
analytics,riskTrend,4,0
analytics,riskTrend,5,0
analytics,riskTrend,6,0
analytics,vulns,1,13
analytics,vulns,2,15
analytics,vulns,3,15
analytics,vulns,4,15
analytics,vulns,5,18
analytics,vulns,6,19
analytics,patchCompliance,1,97
analytics,patchCompliance,2,97
analytics,patchCompliance,3,95
analytics,patchCompliance,4,93
analytics,patchCompliance,5,93
analytics,patchCompliance,6,91
analytics,criticalFindings,1,2
analytics,criticalFindings,2,2
analytics,criticalFindings,3,1
analytics,criticalFindings,4,1
analytics,criticalFindings,5,1
analytics,criticalFindings,6,1
analytics,drCompliance,1,93
analytics,drCompliance,2,93
analytics,drCompliance,3,92
analytics,drCompliance,4,89
analytics,drCompliance,5,87
analytics,drCompliance,6,87
analytics,resilienceActions,1,1
analytics,resilienceActions,2,1
analytics,resilienceActions,3,1
analytics,resilienceActions,4,1
analytics,resilienceActions,5,2
analytics,resilienceActions,6,2
analytics,controlHealth,1,92
analytics,controlHealth,2,91
analytics,controlHealth,3,88
analytics,controlHealth,4,88
analytics,controlHealth,5,86
analytics,controlHealth,6,84
analytics,failedChanges,1,2
analytics,failedChanges,2,2
analytics,failedChanges,3,2
analytics,failedChanges,4,2
analytics,failedChanges,5,3
analytics,failedChanges,6,3
analytics,changeSuccess,1,100
analytics,changeSuccess,2,100
analytics,changeSuccess,3,100
analytics,changeSuccess,4,99
analytics,changeSuccess,5,99
analytics,changeSuccess,6,97
analytics,releases,1,11
analytics,releases,2,10
analytics,releases,3,10
analytics,releases,4,10
analytics,releases,5,9
analytics,releases,6,9
analytics,emergencyChanges,1,0
analytics,emergencyChanges,2,0
analytics,emergencyChanges,3,0
analytics,emergencyChanges,4,0
analytics,emergencyChanges,5,0
analytics,emergencyChanges,6,2
analytics,changeLeadTime,1,7
analytics,changeLeadTime,2,7
analytics,changeLeadTime,3,6
analytics,changeLeadTime,4,6
analytics,changeLeadTime,5,6
analytics,changeLeadTime,6,5
analytics,applications,1,10
analytics,applications,2,9
analytics,applications,3,7
analytics,applications,4,7
analytics,applications,5,4
analytics,applications,6,4
analytics,infraFootprint,1,71
analytics,infraFootprint,2,67
analytics,infraFootprint,3,56
analytics,infraFootprint,4,52
analytics,infraFootprint,5,42
analytics,infraFootprint,6,40
analytics,currency,1,100
analytics,currency,2,100
analytics,currency,3,98
analytics,currency,4,98
analytics,currency,5,95
analytics,currency,6,94
analytics,cloudMigration,1,80
analytics,cloudMigration,2,79
analytics,cloudMigration,3,77
analytics,cloudMigration,4,77
analytics,cloudMigration,5,75
analytics,cloudMigration,6,73
analytics,endOfSupport,1,0
analytics,endOfSupport,2,0
analytics,endOfSupport,3,0
analytics,endOfSupport,4,1
analytics,endOfSupport,5,1
analytics,endOfSupport,6,2
analytics,auditActions,1,0
analytics,auditActions,2,0
analytics,auditActions,3,0
analytics,auditActions,4,1
analytics,auditActions,5,1
analytics,auditActions,6,1
analytics,regActions,1,2
analytics,regActions,2,2
analytics,regActions,3,2
analytics,regActions,4,1
analytics,regActions,5,1
analytics,regActions,6,1
analytics,overdueActions,1,0
analytics,overdueActions,2,0
analytics,overdueActions,3,0
analytics,overdueActions,4,0
analytics,overdueActions,5,0
analytics,overdueActions,6,0
analytics,milestones,1,12
analytics,milestones,2,12
analytics,milestones,3,11
analytics,milestones,4,11
analytics,milestones,5,11
analytics,milestones,6,10
analytics,roadmapHealth,1,98
analytics,roadmapHealth,2,96
analytics,roadmapHealth,3,94
analytics,roadmapHealth,4,92
analytics,roadmapHealth,5,92
analytics,roadmapHealth,6,90
analytics,commitmentsAtRisk,1,0
analytics,commitmentsAtRisk,2,0
analytics,commitmentsAtRisk,3,0
analytics,commitmentsAtRisk,4,0
analytics,commitmentsAtRisk,5,0
analytics,commitmentsAtRisk,6,0
analytics,vacancies,1,1
analytics,vacancies,2,1
analytics,vacancies,3,1
analytics,vacancies,4,2
analytics,vacancies,5,2
analytics,vacancies,6,2
analytics,skillsRisks,1,0
analytics,skillsRisks,2,0
analytics,skillsRisks,3,0
analytics,skillsRisks,4,0
analytics,skillsRisks,5,0
analytics,skillsRisks,6,0
analytics,contractorDependency,1,15
analytics,contractorDependency,2,16
analytics,contractorDependency,3,16
analytics,contractorDependency,4,18
analytics,contractorDependency,5,18
analytics,contractorDependency,6,20
analytics,runCostVsBudget,1,92
analytics,runCostVsBudget,2,93
analytics,runCostVsBudget,3,94
analytics,runCostVsBudget,4,94
analytics,runCostVsBudget,5,96
analytics,runCostVsBudget,6,97
analytics,cloudSpendTrend,1,-4
analytics,cloudSpendTrend,2,-2
analytics,cloudSpendTrend,3,-3
analytics,cloudSpendTrend,4,-1
analytics,cloudSpendTrend,5,-1
analytics,cloudSpendTrend,6,1
analytics,orphanedSpend,1,9500
analytics,orphanedSpend,2,8600
analytics,orphanedSpend,3,7700
analytics,orphanedSpend,4,7400
analytics,orphanedSpend,5,7000
analytics,orphanedSpend,6,6700
analytics,sloAttainment,1,100
analytics,sloAttainment,2,100
analytics,sloAttainment,3,100
analytics,sloAttainment,4,100
analytics,sloAttainment,5,100
analytics,sloAttainment,6,100
analytics,monitoringCoverage,1,100
analytics,monitoringCoverage,2,100
analytics,monitoringCoverage,3,100
analytics,monitoringCoverage,4,100
analytics,monitoringCoverage,5,99
analytics,monitoringCoverage,6,99
analytics,alertNoise,1,66
analytics,alertNoise,2,67
analytics,alertNoise,3,69
analytics,alertNoise,4,72
analytics,alertNoise,5,73
analytics,alertNoise,6,74
reporting,openSncs,1,7
reporting,openSncs,2,7
reporting,openSncs,3,9
reporting,openSncs,4,9
reporting,openSncs,5,10
reporting,openSncs,6,12
reporting,sncAge,1,16
reporting,sncAge,2,19
reporting,sncAge,3,22
reporting,sncAge,4,24
reporting,sncAge,5,26
reporting,sncAge,6,30
reporting,repeatSncs,1,11
reporting,repeatSncs,2,12
reporting,repeatSncs,3,14
reporting,repeatSncs,4,17
reporting,repeatSncs,5,17
reporting,repeatSncs,6,20
reporting,p1p2Incidents,1,5
reporting,p1p2Incidents,2,6
reporting,p1p2Incidents,3,7
reporting,p1p2Incidents,4,8
reporting,p1p2Incidents,5,9
reporting,p1p2Incidents,6,10
reporting,majorIncidents,1,3
reporting,majorIncidents,2,3
reporting,majorIncidents,3,4
reporting,majorIncidents,4,4
reporting,majorIncidents,5,4
reporting,majorIncidents,6,5
reporting,mttr,1,4
reporting,mttr,2,5
reporting,mttr,3,6
reporting,mttr,4,7
reporting,mttr,5,7
reporting,mttr,6,8
reporting,repeatIncidents,1,12
reporting,repeatIncidents,2,14
reporting,repeatIncidents,3,16
reporting,repeatIncidents,4,17
reporting,repeatIncidents,5,18
reporting,repeatIncidents,6,21
reporting,incidentBacklog,1,9
reporting,incidentBacklog,2,9
reporting,incidentBacklog,3,11
reporting,incidentBacklog,4,11
reporting,incidentBacklog,5,12
reporting,incidentBacklog,6,13
reporting,openProblems,1,12
reporting,openProblems,2,13
reporting,openProblems,3,14
reporting,openProblems,4,15
reporting,openProblems,5,16
reporting,openProblems,6,18
reporting,rcaOverdue,1,0
reporting,rcaOverdue,2,1
reporting,rcaOverdue,3,1
reporting,rcaOverdue,4,1
reporting,rcaOverdue,5,1
reporting,rcaOverdue,6,2
reporting,knownErrors,1,12
reporting,knownErrors,2,14
reporting,knownErrors,3,15
reporting,knownErrors,4,17
reporting,knownErrors,5,19
reporting,knownErrors,6,20
reporting,problemAge,1,39
reporting,problemAge,2,47
reporting,problemAge,3,51
reporting,problemAge,4,58
reporting,problemAge,5,64
reporting,problemAge,6,66
reporting,problemLinkage,1,88
reporting,problemLinkage,2,84
reporting,problemLinkage,3,82
reporting,problemLinkage,4,80
reporting,problemLinkage,5,76
reporting,problemLinkage,6,74
reporting,serviceMaturity,1,2.95
reporting,serviceMaturity,2,2.9250000000000003
reporting,serviceMaturity,3,2.8499999999999996
reporting,serviceMaturity,4,2.925
reporting,serviceMaturity,5,2.775
reporting,serviceMaturity,6,2.725
reporting,triageMaturity,1,3.2
reporting,triageMaturity,2,3.1
reporting,triageMaturity,3,3
reporting,triageMaturity,4,3
reporting,triageMaturity,5,2.9
reporting,triageMaturity,6,2.8
reporting,incidentMaturity,1,3.8
reporting,incidentMaturity,2,3.7
reporting,incidentMaturity,3,3.6
reporting,incidentMaturity,4,3.6
reporting,incidentMaturity,5,3.2
reporting,incidentMaturity,6,3.2
reporting,recoveryMaturity,1,1.8
reporting,recoveryMaturity,2,2
reporting,recoveryMaturity,3,2.1
reporting,recoveryMaturity,4,2.4
reporting,recoveryMaturity,5,2.5
reporting,recoveryMaturity,6,2.5
reporting,resolutionMaturity,1,3
reporting,resolutionMaturity,2,2.9
reporting,resolutionMaturity,3,2.7
reporting,resolutionMaturity,4,2.7
reporting,resolutionMaturity,5,2.5
reporting,resolutionMaturity,6,2.4
reporting,runbookCoverage,1,98
reporting,runbookCoverage,2,96
reporting,runbookCoverage,3,95
reporting,runbookCoverage,4,93
reporting,runbookCoverage,5,91
reporting,runbookCoverage,6,88
reporting,mtta,1,10
reporting,mtta,2,12
reporting,mtta,3,13
reporting,mtta,4,16
reporting,mtta,5,20
reporting,mtta,6,21
reporting,techDebt,1,91
reporting,techDebt,2,85
reporting,techDebt,3,83
reporting,techDebt,4,77
reporting,techDebt,5,71
reporting,techDebt,6,68
reporting,archExceptions,1,7
reporting,archExceptions,2,7
reporting,archExceptions,3,6
reporting,archExceptions,4,6
reporting,archExceptions,5,5
reporting,archExceptions,6,5
reporting,strategicAlignment,1,38
reporting,strategicAlignment,2,41
reporting,strategicAlignment,3,43
reporting,strategicAlignment,4,47
reporting,strategicAlignment,5,48
reporting,strategicAlignment,6,51
reporting,brams,1,3
reporting,brams,2,3
reporting,brams,3,4
reporting,brams,4,4
reporting,brams,5,4
reporting,brams,6,5
reporting,techRisks,1,9
reporting,techRisks,2,10
reporting,techRisks,3,11
reporting,techRisks,4,12
reporting,techRisks,5,13
reporting,techRisks,6,14
reporting,riskTrend,1,2
reporting,riskTrend,2,2
reporting,riskTrend,3,2
reporting,riskTrend,4,3
reporting,riskTrend,5,3
reporting,riskTrend,6,4
reporting,vulns,1,21
reporting,vulns,2,26
reporting,vulns,3,28
reporting,vulns,4,30
reporting,vulns,5,34
reporting,vulns,6,36
reporting,patchCompliance,1,89
reporting,patchCompliance,2,88
reporting,patchCompliance,3,83
reporting,patchCompliance,4,81
reporting,patchCompliance,5,79
reporting,patchCompliance,6,76
reporting,criticalFindings,1,0
reporting,criticalFindings,2,0
reporting,criticalFindings,3,0
reporting,criticalFindings,4,1
reporting,criticalFindings,5,2
reporting,criticalFindings,6,2
reporting,drCompliance,1,86
reporting,drCompliance,2,83
reporting,drCompliance,3,80
reporting,drCompliance,4,76
reporting,drCompliance,5,75
reporting,drCompliance,6,72
reporting,resilienceActions,1,9
reporting,resilienceActions,2,8
reporting,resilienceActions,3,8
reporting,resilienceActions,4,7
reporting,resilienceActions,5,6
reporting,resilienceActions,6,6
reporting,controlHealth,1,51
reporting,controlHealth,2,54
reporting,controlHealth,3,57
reporting,controlHealth,4,59
reporting,controlHealth,5,64
reporting,controlHealth,6,66
reporting,failedChanges,1,5
reporting,failedChanges,2,5
reporting,failedChanges,3,5
reporting,failedChanges,4,6
reporting,failedChanges,5,6
reporting,failedChanges,6,7
reporting,changeSuccess,1,92
reporting,changeSuccess,2,89
reporting,changeSuccess,3,87
reporting,changeSuccess,4,83
reporting,changeSuccess,5,80
reporting,changeSuccess,6,78
reporting,releases,1,5
reporting,releases,2,4
reporting,releases,3,3
reporting,releases,4,3
reporting,releases,5,2
reporting,releases,6,1
reporting,emergencyChanges,1,29
reporting,emergencyChanges,2,26
reporting,emergencyChanges,3,26
reporting,emergencyChanges,4,22
reporting,emergencyChanges,5,21
reporting,emergencyChanges,6,19
reporting,changeLeadTime,1,11
reporting,changeLeadTime,2,12
reporting,changeLeadTime,3,13
reporting,changeLeadTime,4,13
reporting,changeLeadTime,5,14
reporting,changeLeadTime,6,15
reporting,applications,1,0
reporting,applications,2,1
reporting,applications,3,3
reporting,applications,4,6
reporting,applications,5,7
reporting,applications,6,10
reporting,infraFootprint,1,61
reporting,infraFootprint,2,69
reporting,infraFootprint,3,73
reporting,infraFootprint,4,92
reporting,infraFootprint,5,107
reporting,infraFootprint,6,113
reporting,currency,1,87
reporting,currency,2,85
reporting,currency,3,82
reporting,currency,4,80
reporting,currency,5,77
reporting,currency,6,74
reporting,cloudMigration,1,54
reporting,cloudMigration,2,52
reporting,cloudMigration,3,48
reporting,cloudMigration,4,46
reporting,cloudMigration,5,42
reporting,cloudMigration,6,39
reporting,endOfSupport,1,7
reporting,endOfSupport,2,8
reporting,endOfSupport,3,9
reporting,endOfSupport,4,10
reporting,endOfSupport,5,11
reporting,endOfSupport,6,12
reporting,auditActions,1,4
reporting,auditActions,2,4
reporting,auditActions,3,5
reporting,auditActions,4,5
reporting,auditActions,5,5
reporting,auditActions,6,6
reporting,regActions,1,3
reporting,regActions,2,3
reporting,regActions,3,3
reporting,regActions,4,4
reporting,regActions,5,4
reporting,regActions,6,5
reporting,overdueActions,1,4
reporting,overdueActions,2,4
reporting,overdueActions,3,3
reporting,overdueActions,4,3
reporting,overdueActions,5,3
reporting,overdueActions,6,2
reporting,milestones,1,0
reporting,milestones,2,1
reporting,milestones,3,1
reporting,milestones,4,3
reporting,milestones,5,4
reporting,milestones,6,5
reporting,roadmapHealth,1,84
reporting,roadmapHealth,2,81
reporting,roadmapHealth,3,78
reporting,roadmapHealth,4,75
reporting,roadmapHealth,5,72
reporting,roadmapHealth,6,69
reporting,commitmentsAtRisk,1,3
reporting,commitmentsAtRisk,2,3
reporting,commitmentsAtRisk,3,4
reporting,commitmentsAtRisk,4,4
reporting,commitmentsAtRisk,5,5
reporting,commitmentsAtRisk,6,5
reporting,vacancies,1,2
reporting,vacancies,2,2
reporting,vacancies,3,3
reporting,vacancies,4,3
reporting,vacancies,5,3
reporting,vacancies,6,4
reporting,skillsRisks,1,2
reporting,skillsRisks,2,2
reporting,skillsRisks,3,2
reporting,skillsRisks,4,3
reporting,skillsRisks,5,4
reporting,skillsRisks,6,4
reporting,contractorDependency,1,20
reporting,contractorDependency,2,22
reporting,contractorDependency,3,25
reporting,contractorDependency,4,26
reporting,contractorDependency,5,28
reporting,contractorDependency,6,30
reporting,runCostVsBudget,1,108
reporting,runCostVsBudget,2,110
reporting,runCostVsBudget,3,110
reporting,runCostVsBudget,4,113
reporting,runCostVsBudget,5,115
reporting,runCostVsBudget,6,117
reporting,cloudSpendTrend,1,13
reporting,cloudSpendTrend,2,14
reporting,cloudSpendTrend,3,17
reporting,cloudSpendTrend,4,18
reporting,cloudSpendTrend,5,20
reporting,cloudSpendTrend,6,22
reporting,orphanedSpend,1,18600
reporting,orphanedSpend,2,17100
reporting,orphanedSpend,3,16300
reporting,orphanedSpend,4,15600
reporting,orphanedSpend,5,14700
reporting,orphanedSpend,6,13500
reporting,sloAttainment,1,61
reporting,sloAttainment,2,64
reporting,sloAttainment,3,65
reporting,sloAttainment,4,70
reporting,sloAttainment,5,72
reporting,sloAttainment,6,74
reporting,monitoringCoverage,1,76
reporting,monitoringCoverage,2,74
reporting,monitoringCoverage,3,72
reporting,monitoringCoverage,4,67
reporting,monitoringCoverage,5,64
reporting,monitoringCoverage,6,62
reporting,alertNoise,1,55
reporting,alertNoise,2,53
reporting,alertNoise,3,50
reporting,alertNoise,4,46
reporting,alertNoise,5,45
reporting,alertNoise,6,41
