TeamKey,MetricKey,QuarterKey,Value,Target,Span,Score,Band,IsScored
portal,openSncs,1,18,6,12,0,act,true
portal,openSncs,2,16,6,12,17,act,true
portal,openSncs,3,15,6,12,25,act,true
portal,openSncs,4,15,6,12,25,act,true
portal,openSncs,5,14,6,12,33,act,true
portal,openSncs,6,13,6,12,42,act,true
portal,sncAge,1,14,14,28,100,healthy,true
portal,sncAge,2,17,14,28,89,healthy,true
portal,sncAge,3,20,14,28,79,watch,true
portal,sncAge,4,21,14,28,75,watch,true
portal,sncAge,5,24,14,28,64,watch,true
portal,sncAge,6,25,14,28,61,watch,true
portal,repeatSncs,1,5,10,20,100,healthy,true
portal,repeatSncs,2,5,10,20,100,healthy,true
portal,repeatSncs,3,7,10,20,100,healthy,true
portal,repeatSncs,4,9,10,20,100,healthy,true
portal,repeatSncs,5,11,10,20,95,healthy,true
portal,repeatSncs,6,12,10,20,90,healthy,true
portal,p1p2Incidents,1,6,6,12,100,healthy,true
portal,p1p2Incidents,2,6,6,12,100,healthy,true
portal,p1p2Incidents,3,8,6,12,83,healthy,true
portal,p1p2Incidents,4,8,6,12,83,healthy,true
portal,p1p2Incidents,5,9,6,12,75,watch,true
portal,p1p2Incidents,6,10,6,12,67,watch,true
portal,majorIncidents,1,0,1,5,100,healthy,true
portal,majorIncidents,2,1,1,5,100,healthy,true
portal,majorIncidents,3,1,1,5,100,healthy,true
portal,majorIncidents,4,2,1,5,80,healthy,true
portal,majorIncidents,5,2,1,5,80,healthy,true
portal,majorIncidents,6,2,1,5,80,healthy,true
portal,mttr,1,6,4,8,75,watch,true
portal,mttr,2,7,4,8,63,watch,true
portal,mttr,3,7,4,8,63,watch,true
portal,mttr,4,8,4,8,50,act,true
portal,mttr,5,8,4,8,50,act,true
portal,mttr,6,9,4,8,38,act,true
portal,repeatIncidents,1,28,10,20,10,act,true
portal,repeatIncidents,2,26,10,20,20,act,true
portal,repeatIncidents,3,25,10,20,25,act,true
portal,repeatIncidents,4,23,10,20,35,act,true
portal,repeatIncidents,5,22,10,20,40,act,true
portal,repeatIncidents,6,21,10,20,45,act,true
portal,incidentBacklog,1,6,5,10,90,healthy,true
portal,incidentBacklog,2,7,5,10,80,healthy,true
portal,incidentBacklog,3,7,5,10,80,healthy,true
portal,incidentBacklog,4,9,5,10,60,watch,true
portal,incidentBacklog,5,9,5,10,60,watch,true
portal,incidentBacklog,6,10,5,10,50,act,true
portal,openProblems,1,19,8,16,31,act,true
portal,openProblems,2,19,8,16,31,act,true
portal,openProblems,3,17,8,16,44,act,true
portal,openProblems,4,16,8,16,50,act,true
portal,openProblems,5,16,8,16,50,act,true
portal,openProblems,6,14,8,16,63,watch,true
portal,rcaOverdue,1,0,0,5,100,healthy,true
portal,rcaOverdue,2,1,0,5,80,healthy,true
portal,rcaOverdue,3,1,0,5,80,healthy,true
portal,rcaOverdue,4,1,0,5,80,healthy,true
portal,rcaOverdue,5,2,0,5,60,watch,true
portal,rcaOverdue,6,2,0,5,60,watch,true
portal,knownErrors,1,5,10,20,100,healthy,true
portal,knownErrors,2,7,10,20,100,healthy,true
portal,knownErrors,3,8,10,20,100,healthy,true
portal,knownErrors,4,9,10,20,100,healthy,true
portal,knownErrors,5,10,10,20,100,healthy,true
portal,knownErrors,6,12,10,20,90,healthy,true
portal,problemAge,1,7,30,60,100,healthy,true
portal,problemAge,2,14,30,60,100,healthy,true
portal,problemAge,3,16,30,60,100,healthy,true
portal,problemAge,4,22,30,60,100,healthy,true
portal,problemAge,5,29,30,60,100,healthy,true
portal,problemAge,6,31,30,60,98,healthy,true
portal,problemLinkage,1,75,80,30,83,healthy,true
portal,problemLinkage,2,75,80,30,83,healthy,true
portal,problemLinkage,3,72,80,30,73,watch,true
portal,problemLinkage,4,69,80,30,63,watch,true
portal,problemLinkage,5,68,80,30,60,watch,true
portal,problemLinkage,6,65,80,30,50,act,true
portal,serviceMaturity,1,3.0250000000000004,4,4,76,watch,true
portal,serviceMaturity,2,2.9750000000000005,4,4,74,watch,true
portal,serviceMaturity,3,3.0749999999999997,4,4,77,watch,true
portal,serviceMaturity,4,3.0500000000000003,4,4,76,watch,true
portal,serviceMaturity,5,3.05,4,4,76,watch,true
portal,serviceMaturity,6,3.125,4,4,78,watch,true
portal,triageMaturity,1,3.2,4,4,80,healthy,true
portal,triageMaturity,2,3.2,4,4,80,healthy,true
portal,triageMaturity,3,3.4,4,4,85,healthy,true
portal,triageMaturity,4,3.3,4,4,83,healthy,true
portal,triageMaturity,5,3.5,4,4,88,healthy,true
portal,triageMaturity,6,3.5,4,4,88,healthy,true
portal,incidentMaturity,1,3.1,4,4,78,watch,true
portal,incidentMaturity,2,3.1,4,4,78,watch,true
portal,incidentMaturity,3,3.3,4,4,83,healthy,true
portal,incidentMaturity,4,3.3,4,4,83,healthy,true
portal,incidentMaturity,5,3.3,4,4,83,healthy,true
portal,incidentMaturity,6,3.5,4,4,88,healthy,true
portal,recoveryMaturity,1,2.4,4,4,60,watch,true
portal,recoveryMaturity,2,2.4,4,4,60,watch,true
portal,recoveryMaturity,3,2.6,4,4,65,watch,true
portal,recoveryMaturity,4,2.7,4,4,68,watch,true
portal,recoveryMaturity,5,2.8,4,4,70,watch,true
portal,recoveryMaturity,6,2.9,4,4,73,watch,true
portal,resolutionMaturity,1,3.4,4,4,85,healthy,true
portal,resolutionMaturity,2,3.2,4,4,80,healthy,true
portal,resolutionMaturity,3,3,4,4,75,watch,true
portal,resolutionMaturity,4,2.9,4,4,73,watch,true
portal,resolutionMaturity,5,2.6,4,4,65,watch,true
portal,resolutionMaturity,6,2.6,4,4,65,watch,true
portal,runbookCoverage,1,89,90,30,97,healthy,true
portal,runbookCoverage,2,88,90,30,93,healthy,true
portal,runbookCoverage,3,87,90,30,90,healthy,true
portal,runbookCoverage,4,85,90,30,83,healthy,true
portal,runbookCoverage,5,82,90,30,73,watch,true
portal,runbookCoverage,6,81,90,30,70,watch,true
portal,mtta,1,14,15,30,100,healthy,true
portal,mtta,2,15,15,30,100,healthy,true
portal,mtta,3,16,15,30,97,healthy,true
portal,mtta,4,17,15,30,93,healthy,true
portal,mtta,5,19,15,30,87,healthy,true
portal,mtta,6,22,15,30,77,watch,true
portal,techDebt,1,34,25,50,82,healthy,true
portal,techDebt,2,39,25,50,72,watch,true
portal,techDebt,3,43,25,50,64,watch,true
portal,techDebt,4,45,25,50,60,watch,true
portal,techDebt,5,48,25,50,54,act,true
portal,techDebt,6,53,25,50,44,act,true
portal,archExceptions,1,1,2,5,100,healthy,true
portal,archExceptions,2,1,2,5,100,healthy,true
portal,archExceptions,3,2,2,5,100,healthy,true
portal,archExceptions,4,2,2,5,100,healthy,true
portal,archExceptions,5,3,2,5,80,healthy,true
portal,archExceptions,6,3,2,5,80,healthy,true
portal,strategicAlignment,1,54,80,30,13,act,true
portal,strategicAlignment,2,56,80,30,20,act,true
portal,strategicAlignment,3,58,80,30,27,act,true
portal,strategicAlignment,4,61,80,30,37,act,true
portal,strategicAlignment,5,63,80,30,43,act,true
portal,strategicAlignment,6,65,80,30,50,act,true
portal,brams,1,3,2,5,80,healthy,true
portal,brams,2,4,2,5,60,watch,true
portal,brams,3,4,2,5,60,watch,true
portal,brams,4,4,2,5,60,watch,true
portal,brams,5,5,2,5,40,act,true
portal,brams,6,5,2,5,40,act,true
portal,techRisks,1,8,5,10,70,watch,true
portal,techRisks,2,8,5,10,70,watch,true
portal,techRisks,3,9,5,10,60,watch,true
portal,techRisks,4,10,5,10,50,act,true
portal,techRisks,5,11,5,10,40,act,true
portal,techRisks,6,11,5,10,40,act,true
portal,riskTrend,1,0,0,5,100,healthy,true
portal,riskTrend,2,1,0,5,80,healthy,true
portal,riskTrend,3,1,0,5,80,healthy,true
portal,riskTrend,4,1,0,5,80,healthy,true
portal,riskTrend,5,1,0,5,80,healthy,true
portal,riskTrend,6,2,0,5,60,watch,true
portal,vulns,1,9,15,30,100,healthy,true
portal,vulns,2,11,15,30,100,healthy,true
portal,vulns,3,14,15,30,100,healthy,true
portal,vulns,4,16,15,30,97,healthy,true
portal,vulns,5,19,15,30,87,healthy,true
portal,vulns,6,20,15,30,83,healthy,true
portal,patchCompliance,1,98,95,30,100,healthy,true
portal,patchCompliance,2,95,95,30,100,healthy,true
portal,patchCompliance,3,94,95,30,97,healthy,true
portal,patchCompliance,4,91,95,30,87,healthy,true
portal,patchCompliance,5,88,95,30,77,watch,true
portal,patchCompliance,6,86,95,30,70,watch,true
portal,criticalFindings,1,2,0,5,60,watch,true
portal,criticalFindings,2,1,0,5,80,healthy,true
portal,criticalFindings,3,1,0,5,80,healthy,true
portal,criticalFindings,4,1,0,5,80,healthy,true
portal,criticalFindings,5,0,0,5,100,healthy,true
portal,criticalFindings,6,0,0,5,100,healthy,true
portal,drCompliance,1,64,90,30,13,act,true
portal,drCompliance,2,65,90,30,17,act,true
portal,drCompliance,3,69,90,30,30,act,true
portal,drCompliance,4,71,90,30,37,act,true
portal,drCompliance,5,74,90,30,47,act,true
portal,drCompliance,6,75,90,30,50,act,true
portal,resilienceActions,1,4,3,6,83,healthy,true
portal,resilienceActions,2,4,3,6,83,healthy,true
portal,resilienceActions,3,5,3,6,67,watch,true
portal,resilienceActions,4,5,3,6,67,watch,true
portal,resilienceActions,5,6,3,6,50,act,true
portal,resilienceActions,6,6,3,6,50,act,true
portal,controlHealth,1,67,90,30,23,act,true
portal,controlHealth,2,71,90,30,37,act,true
portal,controlHealth,3,73,90,30,43,act,true
portal,controlHealth,4,75,90,30,50,act,true
portal,controlHealth,5,77,90,30,57,act,true
portal,controlHealth,6,79,90,30,63,watch,true
portal,failedChanges,1,3,2,5,80,healthy,true
portal,failedChanges,2,3,2,5,80,healthy,true
portal,failedChanges,3,4,2,5,60,watch,true
portal,failedChanges,4,5,2,5,40,act,true
portal,failedChanges,5,5,2,5,40,act,true
portal,failedChanges,6,5,2,5,40,act,true
portal,changeSuccess,1,88,95,30,77,watch,true
portal,changeSuccess,2,88,95,30,77,watch,true
portal,changeSuccess,3,84,95,30,63,watch,true
portal,changeSuccess,4,83,95,30,60,watch,true
portal,changeSuccess,5,82,95,30,57,act,true
portal,changeSuccess,6,78,95,30,43,act,true
portal,releases,1,3,8,8,38,act,true
portal,releases,2,4,8,8,50,act,true
portal,releases,3,4,8,8,50,act,true
portal,releases,4,5,8,8,63,watch,true
portal,releases,5,5,8,8,63,watch,true
portal,releases,6,6,8,8,75,watch,true
portal,emergencyChanges,1,6,5,20,95,healthy,true
portal,emergencyChanges,2,6,5,20,95,healthy,true
portal,emergencyChanges,3,7,5,20,90,healthy,true
portal,emergencyChanges,4,9,5,20,80,healthy,true
portal,emergencyChanges,5,11,5,20,70,watch,true
portal,emergencyChanges,6,12,5,20,65,watch,true
portal,changeLeadTime,1,2,5,10,100,healthy,true
portal,changeLeadTime,2,3,5,10,100,healthy,true
portal,changeLeadTime,3,4,5,10,100,healthy,true
portal,changeLeadTime,4,4,5,10,100,healthy,true
portal,changeLeadTime,5,5,5,10,100,healthy,true
portal,changeLeadTime,6,6,5,10,90,healthy,true
portal,applications,1,5,12,24,100,healthy,false
portal,applications,2,7,12,24,100,healthy,false
portal,applications,3,9,12,24,100,healthy,false
portal,applications,4,8,12,24,100,healthy,false
portal,applications,5,11,12,24,100,healthy,false
portal,applications,6,13,12,24,96,healthy,false
portal,infraFootprint,1,50,60,120,100,healthy,true
portal,infraFootprint,2,51,60,120,100,healthy,true
portal,infraFootprint,3,69,60,120,93,healthy,true
portal,infraFootprint,4,74,60,120,88,healthy,true
portal,infraFootprint,5,79,60,120,84,healthy,true
portal,infraFootprint,6,92,60,120,73,watch,true
portal,currency,1,99,90,30,100,healthy,true
portal,currency,2,94,90,30,100,healthy,true
portal,currency,3,93,90,30,100,healthy,true
portal,currency,4,91,90,30,100,healthy,true
portal,currency,5,89,90,30,97,healthy,true
portal,currency,6,87,90,30,90,healthy,true
portal,cloudMigration,1,70,70,30,100,healthy,true
portal,cloudMigration,2,68,70,30,93,healthy,true
portal,cloudMigration,3,66,70,30,87,healthy,true
portal,cloudMigration,4,64,70,30,80,healthy,true
portal,cloudMigration,5,60,70,30,67,watch,true
portal,cloudMigration,6,59,70,30,63,watch,true
portal,endOfSupport,1,4,5,10,100,healthy,true
portal,endOfSupport,2,4,5,10,100,healthy,true
portal,endOfSupport,3,5,5,10,100,healthy,true
portal,endOfSupport,4,5,5,10,100,healthy,true
portal,endOfSupport,5,6,5,10,90,healthy,true
portal,endOfSupport,6,7,5,10,80,healthy,true
portal,auditActions,1,6,2,5,20,act,true
portal,auditActions,2,6,2,5,20,act,true
portal,auditActions,3,5,2,5,40,act,true
portal,auditActions,4,5,2,5,40,act,true
portal,auditActions,5,4,2,5,60,watch,true
portal,auditActions,6,4,2,5,60,watch,true
portal,regActions,1,3,1,5,60,watch,true
portal,regActions,2,2,1,5,80,healthy,true
portal,regActions,3,2,1,5,80,healthy,true
portal,regActions,4,2,1,5,80,healthy,true
portal,regActions,5,1,1,5,100,healthy,true
portal,regActions,6,1,1,5,100,healthy,true
portal,overdueActions,1,1,0,5,80,healthy,true
portal,overdueActions,2,1,0,5,80,healthy,true
portal,overdueActions,3,2,0,5,60,watch,true
portal,overdueActions,4,2,0,5,60,watch,true
portal,overdueActions,5,3,0,5,40,act,true
portal,overdueActions,6,3,0,5,40,act,true
portal,milestones,1,15,6,12,25,act,false
portal,milestones,2,14,6,12,33,act,false
portal,milestones,3,13,6,12,42,act,false
portal,milestones,4,11,6,12,58,act,false
portal,milestones,5,11,6,12,58,act,false
portal,milestones,6,10,6,12,67,watch,false
portal,roadmapHealth,1,80,85,30,83,healthy,true
portal,roadmapHealth,2,80,85,30,83,healthy,true
portal,roadmapHealth,3,77,85,30,73,watch,true
portal,roadmapHealth,4,74,85,30,63,watch,true
portal,roadmapHealth,5,72,85,30,57,act,true
portal,roadmapHealth,6,70,85,30,50,act,true
portal,commitmentsAtRisk,1,2,1,5,80,healthy,true
portal,commitmentsAtRisk,2,2,1,5,80,healthy,true
portal,commitmentsAtRisk,3,3,1,5,60,watch,true
portal,commitmentsAtRisk,4,3,1,5,60,watch,true
portal,commitmentsAtRisk,5,3,1,5,60,watch,true
portal,commitmentsAtRisk,6,4,1,5,40,act,true
portal,vacancies,1,3,1,5,60,watch,true
portal,vacancies,2,3,1,5,60,watch,true
portal,vacancies,3,2,1,5,80,healthy,true
portal,vacancies,4,2,1,5,80,healthy,true
portal,vacancies,5,1,1,5,100,healthy,true
portal,vacancies,6,1,1,5,100,healthy,true
portal,skillsRisks,1,6,1,5,0,act,true
portal,skillsRisks,2,6,1,5,0,act,true
portal,skillsRisks,3,5,1,5,20,act,true
portal,skillsRisks,4,5,1,5,20,act,true
portal,skillsRisks,5,4,1,5,40,act,true
portal,skillsRisks,6,4,1,5,40,act,true
portal,contractorDependency,1,15,20,20,100,healthy,true
portal,contractorDependency,2,17,20,20,100,healthy,true
portal,contractorDependency,3,19,20,20,100,healthy,true
portal,contractorDependency,4,20,20,20,100,healthy,true
portal,contractorDependency,5,22,20,20,90,healthy,true
portal,contractorDependency,6,23,20,20,85,healthy,true
portal,runCostVsBudget,1,103,100,20,85,healthy,true
portal,runCostVsBudget,2,105,100,20,75,watch,true
portal,runCostVsBudget,3,107,100,20,65,watch,true
portal,runCostVsBudget,4,108,100,20,60,watch,true
portal,runCostVsBudget,5,109,100,20,55,act,true
portal,runCostVsBudget,6,111,100,20,45,act,true
portal,cloudSpendTrend,1,1,3,20,100,healthy,true
portal,cloudSpendTrend,2,4,3,20,95,healthy,true
portal,cloudSpendTrend,3,5,3,20,90,healthy,true
portal,cloudSpendTrend,4,5,3,20,90,healthy,true
portal,cloudSpendTrend,5,7,3,20,80,healthy,true
portal,cloudSpendTrend,6,9,3,20,70,watch,true
portal,orphanedSpend,1,13200,5000,10000,18,act,true
portal,orphanedSpend,2,12500,5000,10000,25,act,true
portal,orphanedSpend,3,11800,5000,10000,32,act,true
portal,orphanedSpend,4,10900,5000,10000,41,act,true
portal,orphanedSpend,5,9700,5000,10000,53,act,true
portal,orphanedSpend,6,9200,5000,10000,58,act,true
portal,sloAttainment,1,94,99,30,83,healthy,true
portal,sloAttainment,2,91,99,30,73,watch,true
portal,sloAttainment,3,90,99,30,70,watch,true
portal,sloAttainment,4,88,99,30,63,watch,true
portal,sloAttainment,5,86,99,30,57,act,true
portal,sloAttainment,6,84,99,30,50,act,true
portal,monitoringCoverage,1,93,90,30,100,healthy,true
portal,monitoringCoverage,2,92,90,30,100,healthy,true
portal,monitoringCoverage,3,88,90,30,93,healthy,true
portal,monitoringCoverage,4,87,90,30,90,healthy,true
portal,monitoringCoverage,5,84,90,30,80,healthy,true
portal,monitoringCoverage,6,83,90,30,77,watch,true
portal,alertNoise,1,71,70,30,100,healthy,true
portal,alertNoise,2,69,70,30,97,healthy,true
portal,alertNoise,3,67,70,30,90,healthy,true
portal,alertNoise,4,63,70,30,77,watch,true
portal,alertNoise,5,63,70,30,77,watch,true
portal,alertNoise,6,60,70,30,67,watch,true
claims,openSncs,1,10,6,12,67,watch,true
claims,openSncs,2,9,6,12,75,watch,true
claims,openSncs,3,8,6,12,83,healthy,true
claims,openSncs,4,8,6,12,83,healthy,true
claims,openSncs,5,6,6,12,100,healthy,true
claims,openSncs,6,6,6,12,100,healthy,true
claims,sncAge,1,26,14,28,57,act,true
claims,sncAge,2,22,14,28,71,watch,true
claims,sncAge,3,21,14,28,75,watch,true
claims,sncAge,4,20,14,28,79,watch,true
claims,sncAge,5,19,14,28,82,healthy,true
claims,sncAge,6,16,14,28,93,healthy,true
claims,repeatSncs,1,11,10,20,95,healthy,true
claims,repeatSncs,2,11,10,20,95,healthy,true
claims,repeatSncs,3,12,10,20,90,healthy,true
claims,repeatSncs,4,13,10,20,85,healthy,true
claims,repeatSncs,5,15,10,20,75,watch,true
claims,repeatSncs,6,16,10,20,70,watch,true
claims,p1p2Incidents,1,6,6,12,100,healthy,true
claims,p1p2Incidents,2,7,6,12,92,healthy,true
claims,p1p2Incidents,3,8,6,12,83,healthy,true
claims,p1p2Incidents,4,9,6,12,75,watch,true
claims,p1p2Incidents,5,9,6,12,75,watch,true
claims,p1p2Incidents,6,10,6,12,67,watch,true
claims,majorIncidents,1,4,1,5,40,act,true
claims,majorIncidents,2,4,1,5,40,act,true
claims,majorIncidents,3,4,1,5,40,act,true
claims,majorIncidents,4,4,1,5,40,act,true
claims,majorIncidents,5,3,1,5,60,watch,true
claims,majorIncidents,6,3,1,5,60,watch,true
claims,mttr,1,1,4,8,100,healthy,true
claims,mttr,2,2,4,8,100,healthy,true
claims,mttr,3,2,4,8,100,healthy,true
claims,mttr,4,3,4,8,100,healthy,true
claims,mttr,5,4,4,8,100,healthy,true
claims,mttr,6,4,4,8,100,healthy,true
claims,repeatIncidents,1,8,10,20,100,healthy,true
claims,repeatIncidents,2,9,10,20,100,healthy,true
claims,repeatIncidents,3,10,10,20,100,healthy,true
claims,repeatIncidents,4,12,10,20,90,healthy,true
claims,repeatIncidents,5,12,10,20,90,healthy,true
claims,repeatIncidents,6,14,10,20,80,healthy,true
claims,incidentBacklog,1,2,5,10,100,healthy,true
claims,incidentBacklog,2,3,5,10,100,healthy,true
claims,incidentBacklog,3,3,5,10,100,healthy,true
claims,incidentBacklog,4,3,5,10,100,healthy,true
claims,incidentBacklog,5,5,5,10,100,healthy,true
claims,incidentBacklog,6,5,5,10,100,healthy,true
claims,openProblems,1,10,8,16,88,healthy,true
claims,openProblems,2,9,8,16,94,healthy,true
claims,openProblems,3,8,8,16,100,healthy,true
claims,openProblems,4,8,8,16,100,healthy,true
claims,openProblems,5,7,8,16,100,healthy,true
claims,openProblems,6,6,8,16,100,healthy,true
claims,rcaOverdue,1,0,0,5,100,healthy,true
claims,rcaOverdue,2,0,0,5,100,healthy,true
claims,rcaOverdue,3,0,0,5,100,healthy,true
claims,rcaOverdue,4,0,0,5,100,healthy,true
claims,rcaOverdue,5,1,0,5,80,healthy,true
claims,rcaOverdue,6,1,0,5,80,healthy,true
claims,knownErrors,1,18,10,20,60,watch,true
claims,knownErrors,2,17,10,20,65,watch,true
claims,knownErrors,3,15,10,20,75,watch,true
claims,knownErrors,4,14,10,20,80,healthy,true
claims,knownErrors,5,13,10,20,85,healthy,true
claims,knownErrors,6,12,10,20,90,healthy,true
claims,problemAge,1,1,30,60,100,healthy,true
claims,problemAge,2,1,30,60,100,healthy,true
claims,problemAge,3,7,30,60,100,healthy,true
claims,problemAge,4,10,30,60,100,healthy,true
claims,problemAge,5,12,30,60,100,healthy,true
claims,problemAge,6,17,30,60,100,healthy,true
claims,problemLinkage,1,68,80,30,60,watch,true
claims,problemLinkage,2,70,80,30,67,watch,true
claims,problemLinkage,3,70,80,30,67,watch,true
claims,problemLinkage,4,72,80,30,73,watch,true
claims,problemLinkage,5,75,80,30,83,healthy,true
claims,problemLinkage,6,76,80,30,87,healthy,true
claims,serviceMaturity,1,3.7,4,4,93,healthy,true
claims,serviceMaturity,2,3.75,4,4,94,healthy,true
claims,serviceMaturity,3,3.7749999999999995,4,4,94,healthy,true
claims,serviceMaturity,4,3.875,4,4,97,healthy,true
claims,serviceMaturity,5,3.9,4,4,98,healthy,true
claims,serviceMaturity,6,3.95,4,4,99,healthy,true
claims,triageMaturity,1,3.5,4,4,88,healthy,true
claims,triageMaturity,2,3.7,4,4,93,healthy,true
claims,triageMaturity,3,3.8,4,4,95,healthy,true
claims,triageMaturity,4,4.1,4,4,100,healthy,true
claims,triageMaturity,5,4.2,4,4,100,healthy,true
claims,triageMaturity,6,4.3,4,4,100,healthy,true
claims,incidentMaturity,1,4.9,4,4,100,healthy,true
claims,incidentMaturity,2,4.8,4,4,100,healthy,true
claims,incidentMaturity,3,4.6,4,4,100,healthy,true
claims,incidentMaturity,4,4.5,4,4,100,healthy,true
claims,incidentMaturity,5,4.3,4,4,100,healthy,true
claims,incidentMaturity,6,4.3,4,4,100,healthy,true
claims,recoveryMaturity,1,3.4,4,4,85,healthy,true
claims,recoveryMaturity,2,3.4,4,4,85,healthy,true
claims,recoveryMaturity,3,3.6,4,4,90,healthy,true
claims,recoveryMaturity,4,3.5,4,4,88,healthy,true
claims,recoveryMaturity,5,3.7,4,4,93,healthy,true
claims,recoveryMaturity,6,3.7,4,4,93,healthy,true
claims,resolutionMaturity,1,3,4,4,75,watch,true
claims,resolutionMaturity,2,3.1,4,4,78,watch,true
claims,resolutionMaturity,3,3.1,4,4,78,watch,true
claims,resolutionMaturity,4,3.4,4,4,85,healthy,true
claims,resolutionMaturity,5,3.4,4,4,85,healthy,true
claims,resolutionMaturity,6,3.5,4,4,88,healthy,true
claims,runbookCoverage,1,93,90,30,100,healthy,true
claims,runbookCoverage,2,91,90,30,100,healthy,true
claims,runbookCoverage,3,92,90,30,100,healthy,true
claims,runbookCoverage,4,90,90,30,100,healthy,true
claims,runbookCoverage,5,88,90,30,93,healthy,true
claims,runbookCoverage,6,86,90,30,87,healthy,true
claims,mtta,1,17,15,30,93,healthy,true
claims,mtta,2,14,15,30,100,healthy,true
claims,mtta,3,13,15,30,100,healthy,true
claims,mtta,4,10,15,30,100,healthy,true
claims,mtta,5,11,15,30,100,healthy,true
claims,mtta,6,9,15,30,100,healthy,true
claims,techDebt,1,48,25,50,54,act,true
claims,techDebt,2,47,25,50,56,act,true
claims,techDebt,3,42,25,50,66,watch,true
claims,techDebt,4,39,25,50,72,watch,true
claims,techDebt,5,37,25,50,76,watch,true
claims,techDebt,6,34,25,50,82,healthy,true
claims,archExceptions,1,1,2,5,100,healthy,true
claims,archExceptions,2,1,2,5,100,healthy,true
claims,archExceptions,3,2,2,5,100,healthy,true
claims,archExceptions,4,2,2,5,100,healthy,true
claims,archExceptions,5,3,2,5,80,healthy,true
claims,archExceptions,6,3,2,5,80,healthy,true
claims,strategicAlignment,1,69,80,30,63,watch,true
claims,strategicAlignment,2,70,80,30,67,watch,true
claims,strategicAlignment,3,73,80,30,77,watch,true
claims,strategicAlignment,4,74,80,30,80,healthy,true
claims,strategicAlignment,5,78,80,30,93,healthy,true
claims,strategicAlignment,6,79,80,30,97,healthy,true
claims,brams,1,2,2,5,100,healthy,true
claims,brams,2,3,2,5,80,healthy,true
claims,brams,3,3,2,5,80,healthy,true
claims,brams,4,3,2,5,80,healthy,true
claims,brams,5,3,2,5,80,healthy,true
claims,brams,6,4,2,5,60,watch,true
claims,techRisks,1,3,5,10,100,healthy,true
claims,techRisks,2,3,5,10,100,healthy,true
claims,techRisks,3,5,5,10,100,healthy,true
claims,techRisks,4,5,5,10,100,healthy,true
claims,techRisks,5,5,5,10,100,healthy,true
claims,techRisks,6,6,5,10,90,healthy,true
claims,riskTrend,1,4,0,5,20,act,true
claims,riskTrend,2,3,0,5,40,act,true
claims,riskTrend,3,3,0,5,40,act,true
claims,riskTrend,4,2,0,5,60,watch,true
claims,riskTrend,5,2,0,5,60,watch,true
claims,riskTrend,6,2,0,5,60,watch,true
claims,vulns,1,9,15,30,100,healthy,true
claims,vulns,2,10,15,30,100,healthy,true
claims,vulns,3,12,15,30,100,healthy,true
claims,vulns,4,14,15,30,100,healthy,true
claims,vulns,5,15,15,30,100,healthy,true
claims,vulns,6,17,15,30,93,healthy,true
claims,patchCompliance,1,100,95,30,100,healthy,true
claims,patchCompliance,2,98,95,30,100,healthy,true
claims,patchCompliance,3,98,95,30,100,healthy,true
claims,patchCompliance,4,94,95,30,97,healthy,true
claims,patchCompliance,5,93,95,30,93,healthy,true
claims,patchCompliance,6,91,95,30,87,healthy,true
claims,criticalFindings,1,0,0,5,100,healthy,true
claims,criticalFindings,2,1,0,5,80,healthy,true
claims,criticalFindings,3,1,0,5,80,healthy,true
claims,criticalFindings,4,1,0,5,80,healthy,true
claims,criticalFindings,5,2,0,5,60,watch,true
claims,criticalFindings,6,2,0,5,60,watch,true
claims,drCompliance,1,90,90,30,100,healthy,true
claims,drCompliance,2,87,90,30,90,healthy,true
claims,drCompliance,3,85,90,30,83,healthy,true
claims,drCompliance,4,83,90,30,77,watch,true
claims,drCompliance,5,82,90,30,73,watch,true
claims,drCompliance,6,80,90,30,67,watch,true
claims,resilienceActions,1,2,3,6,100,healthy,true
claims,resilienceActions,2,2,3,6,100,healthy,true
claims,resilienceActions,3,3,3,6,100,healthy,true
claims,resilienceActions,4,3,3,6,100,healthy,true
claims,resilienceActions,5,3,3,6,100,healthy,true
claims,resilienceActions,6,4,3,6,83,healthy,true
claims,controlHealth,1,81,90,30,70,watch,true
claims,controlHealth,2,84,90,30,80,healthy,true
claims,controlHealth,3,85,90,30,83,healthy,true
claims,controlHealth,4,86,90,30,87,healthy,true
claims,controlHealth,5,89,90,30,97,healthy,true
claims,controlHealth,6,91,90,30,100,healthy,true
claims,failedChanges,1,1,2,5,100,healthy,true
claims,failedChanges,2,2,2,5,100,healthy,true
claims,failedChanges,3,2,2,5,100,healthy,true
claims,failedChanges,4,2,2,5,100,healthy,true
claims,failedChanges,5,3,2,5,80,healthy,true
claims,failedChanges,6,3,2,5,80,healthy,true
claims,changeSuccess,1,100,95,30,100,healthy,true
claims,changeSuccess,2,100,95,30,100,healthy,true
claims,changeSuccess,3,100,95,30,100,healthy,true
claims,changeSuccess,4,100,95,30,100,healthy,true
claims,changeSuccess,5,100,95,30,100,healthy,true
claims,changeSuccess,6,98,95,30,100,healthy,true
claims,releases,1,9,8,8,100,healthy,true
claims,releases,2,8,8,8,100,healthy,true
claims,releases,3,7,8,8,88,healthy,true
claims,releases,4,7,8,8,88,healthy,true
claims,releases,5,6,8,8,75,watch,true
claims,releases,6,6,8,8,75,watch,true
claims,emergencyChanges,1,7,5,20,90,healthy,true
claims,emergencyChanges,2,9,5,20,80,healthy,true
claims,emergencyChanges,3,11,5,20,70,watch,true
claims,emergencyChanges,4,11,5,20,70,watch,true
claims,emergencyChanges,5,13,5,20,60,watch,true
claims,emergencyChanges,6,14,5,20,55,act,true
claims,changeLeadTime,1,9,5,10,60,watch,true
claims,changeLeadTime,2,8,5,10,70,watch,true
claims,changeLeadTime,3,8,5,10,70,watch,true
claims,changeLeadTime,4,7,5,10,80,healthy,true
claims,changeLeadTime,5,7,5,10,80,healthy,true
claims,changeLeadTime,6,6,5,10,90,healthy,true
claims,applications,1,2,12,24,100,healthy,false
claims,applications,2,2,12,24,100,healthy,false
claims,applications,3,5,12,24,100,healthy,false
claims,applications,4,7,12,24,100,healthy,false
claims,applications,5,7,12,24,100,healthy,false
claims,applications,6,9,12,24,100,healthy,false
claims,infraFootprint,1,48,60,120,100,healthy,true
claims,infraFootprint,2,51,60,120,100,healthy,true
claims,infraFootprint,3,53,60,120,100,healthy,true
claims,infraFootprint,4,69,60,120,93,healthy,true
claims,infraFootprint,5,69,60,120,93,healthy,true
claims,infraFootprint,6,82,60,120,82,healthy,true
claims,currency,1,94,90,30,100,healthy,true
claims,currency,2,93,90,30,100,healthy,true
claims,currency,3,90,90,30,100,healthy,true
claims,currency,4,86,90,30,87,healthy,true
claims,currency,5,87,90,30,90,healthy,true
claims,currency,6,84,90,30,80,healthy,true
claims,cloudMigration,1,47,70,30,23,act,true
claims,cloudMigration,2,48,70,30,27,act,true
claims,cloudMigration,3,52,70,30,40,act,true
claims,cloudMigration,4,54,70,30,47,act,true
claims,cloudMigration,5,55,70,30,50,act,true
claims,cloudMigration,6,57,70,30,57,act,true
claims,endOfSupport,1,13,5,10,20,act,true
claims,endOfSupport,2,12,5,10,30,act,true
claims,endOfSupport,3,11,5,10,40,act,true
claims,endOfSupport,4,10,5,10,50,act,true
claims,endOfSupport,5,9,5,10,60,watch,true
claims,endOfSupport,6,9,5,10,60,watch,true
claims,auditActions,1,1,2,5,100,healthy,true
claims,auditActions,2,2,2,5,100,healthy,true
claims,auditActions,3,2,2,5,100,healthy,true
claims,auditActions,4,2,2,5,100,healthy,true
claims,auditActions,5,3,2,5,80,healthy,true
claims,auditActions,6,3,2,5,80,healthy,true
claims,regActions,1,0,1,5,100,healthy,true
claims,regActions,2,0,1,5,100,healthy,true
claims,regActions,3,0,1,5,100,healthy,true
claims,regActions,4,1,1,5,100,healthy,true
claims,regActions,5,1,1,5,100,healthy,true
claims,regActions,6,1,1,5,100,healthy,true
claims,overdueActions,1,4,0,5,20,act,true
claims,overdueActions,2,3,0,5,40,act,true
claims,overdueActions,3,3,0,5,40,act,true
claims,overdueActions,4,3,0,5,40,act,true
claims,overdueActions,5,2,0,5,60,watch,true
claims,overdueActions,6,2,0,5,60,watch,true
claims,milestones,1,6,6,12,100,healthy,false
claims,milestones,2,7,6,12,92,healthy,false
claims,milestones,3,8,6,12,83,healthy,false
claims,milestones,4,9,6,12,75,watch,false
claims,milestones,5,9,6,12,75,watch,false
claims,milestones,6,10,6,12,67,watch,false
claims,roadmapHealth,1,92,85,30,100,healthy,true
claims,roadmapHealth,2,89,85,30,100,healthy,true
claims,roadmapHealth,3,87,85,30,100,healthy,true
claims,roadmapHealth,4,85,85,30,100,healthy,true
claims,roadmapHealth,5,85,85,30,100,healthy,true
claims,roadmapHealth,6,82,85,30,90,healthy,true
claims,commitmentsAtRisk,1,2,1,5,80,healthy,true
claims,commitmentsAtRisk,2,2,1,5,80,healthy,true
claims,commitmentsAtRisk,3,2,1,5,80,healthy,true
claims,commitmentsAtRisk,4,2,1,5,80,healthy,true
claims,commitmentsAtRisk,5,3,1,5,60,watch,true
claims,commitmentsAtRisk,6,3,1,5,60,watch,true
claims,vacancies,1,0,1,5,100,healthy,true
claims,vacancies,2,0,1,5,100,healthy,true
claims,vacancies,3,0,1,5,100,healthy,true
claims,vacancies,4,0,1,5,100,healthy,true
claims,vacancies,5,1,1,5,100,healthy,true
claims,vacancies,6,1,1,5,100,healthy,true
claims,skillsRisks,1,4,1,5,40,act,true
claims,skillsRisks,2,3,1,5,60,watch,true
claims,skillsRisks,3,3,1,5,60,watch,true
claims,skillsRisks,4,3,1,5,60,watch,true
claims,skillsRisks,5,2,1,5,80,healthy,true
claims,skillsRisks,6,2,1,5,80,healthy,true
claims,contractorDependency,1,27,20,20,65,watch,true
claims,contractorDependency,2,26,20,20,70,watch,true
claims,contractorDependency,3,24,20,20,80,healthy,true
claims,contractorDependency,4,24,20,20,80,healthy,true
claims,contractorDependency,5,23,20,20,85,healthy,true
claims,contractorDependency,6,21,20,20,95,healthy,true
claims,runCostVsBudget,1,93,100,20,100,healthy,true
claims,runCostVsBudget,2,94,100,20,100,healthy,true
claims,runCostVsBudget,3,96,100,20,100,healthy,true
claims,runCostVsBudget,4,97,100,20,100,healthy,true
claims,runCostVsBudget,5,98,100,20,100,healthy,true
claims,runCostVsBudget,6,99,100,20,100,healthy,true
claims,cloudSpendTrend,1,-5,3,20,100,healthy,true
claims,cloudSpendTrend,2,-3,3,20,100,healthy,true
claims,cloudSpendTrend,3,-3,3,20,100,healthy,true
claims,cloudSpendTrend,4,0,3,20,100,healthy,true
claims,cloudSpendTrend,5,1,3,20,100,healthy,true
claims,cloudSpendTrend,6,2,3,20,100,healthy,true
claims,orphanedSpend,1,4700,5000,10000,100,healthy,true
claims,orphanedSpend,2,5200,5000,10000,98,healthy,true
claims,orphanedSpend,3,6100,5000,10000,89,healthy,true
claims,orphanedSpend,4,6500,5000,10000,85,healthy,true
claims,orphanedSpend,5,7200,5000,10000,78,watch,true
claims,orphanedSpend,6,8100,5000,10000,69,watch,true
claims,sloAttainment,1,98,99,30,97,healthy,true
claims,sloAttainment,2,96,99,30,90,healthy,true
claims,sloAttainment,3,93,99,30,80,healthy,true
claims,sloAttainment,4,91,99,30,73,watch,true
claims,sloAttainment,5,90,99,30,70,watch,true
claims,sloAttainment,6,88,99,30,63,watch,true
claims,monitoringCoverage,1,96,90,30,100,healthy,true
claims,monitoringCoverage,2,92,90,30,100,healthy,true
claims,monitoringCoverage,3,92,90,30,100,healthy,true
claims,monitoringCoverage,4,89,90,30,97,healthy,true
claims,monitoringCoverage,5,89,90,30,97,healthy,true
claims,monitoringCoverage,6,86,90,30,87,healthy,true
claims,alertNoise,1,80,70,30,100,healthy,true
claims,alertNoise,2,79,70,30,100,healthy,true
claims,alertNoise,3,77,70,30,100,healthy,true
claims,alertNoise,4,74,70,30,100,healthy,true
claims,alertNoise,5,73,70,30,100,healthy,true
claims,alertNoise,6,72,70,30,100,healthy,true
policy,openSncs,1,5,6,12,100,healthy,true
policy,openSncs,2,5,6,12,100,healthy,true
policy,openSncs,3,6,6,12,100,healthy,true
policy,openSncs,4,7,6,12,92,healthy,true
policy,openSncs,5,7,6,12,92,healthy,true
policy,openSncs,6,8,6,12,83,healthy,true
policy,sncAge,1,26,14,28,57,act,true
policy,sncAge,2,25,14,28,61,watch,true
policy,sncAge,3,23,14,28,68,watch,true
policy,sncAge,4,22,14,28,71,watch,true
policy,sncAge,5,20,14,28,79,watch,true
policy,sncAge,6,18,14,28,86,healthy,true
policy,repeatSncs,1,22,10,20,40,act,true
policy,repeatSncs,2,23,10,20,35,act,true
policy,repeatSncs,3,21,10,20,45,act,true
policy,repeatSncs,4,19,10,20,55,act,true
policy,repeatSncs,5,17,10,20,65,watch,true
policy,repeatSncs,6,17,10,20,65,watch,true
policy,p1p2Incidents,1,7,6,12,92,healthy,true
policy,p1p2Incidents,2,8,6,12,83,healthy,true
policy,p1p2Incidents,3,9,6,12,75,watch,true
policy,p1p2Incidents,4,9,6,12,75,watch,true
policy,p1p2Incidents,5,10,6,12,67,watch,true
policy,p1p2Incidents,6,11,6,12,58,act,true
policy,majorIncidents,1,4,1,5,40,act,true
policy,majorIncidents,2,3,1,5,60,watch,true
policy,majorIncidents,3,3,1,5,60,watch,true
policy,majorIncidents,4,3,1,5,60,watch,true
policy,majorIncidents,5,2,1,5,80,healthy,true
policy,majorIncidents,6,2,1,5,80,healthy,true
policy,mttr,1,4,4,8,100,healthy,true
policy,mttr,2,5,4,8,88,healthy,true
policy,mttr,3,5,4,8,88,healthy,true
policy,mttr,4,6,4,8,75,watch,true
policy,mttr,5,6,4,8,75,watch,true
policy,mttr,6,7,4,8,63,watch,true
policy,repeatIncidents,1,25,10,20,25,act,true
policy,repeatIncidents,2,23,10,20,35,act,true
policy,repeatIncidents,3,23,10,20,35,act,true
policy,repeatIncidents,4,21,10,20,45,act,true
policy,repeatIncidents,5,20,10,20,50,act,true
policy,repeatIncidents,6,18,10,20,60,watch,true
policy,incidentBacklog,1,12,5,10,30,act,true
policy,incidentBacklog,2,11,5,10,40,act,true
policy,incidentBacklog,3,10,5,10,50,act,true
policy,incidentBacklog,4,10,5,10,50,act,true
policy,incidentBacklog,5,9,5,10,60,watch,true
policy,incidentBacklog,6,8,5,10,70,watch,true
policy,openProblems,1,3,8,16,100,healthy,true
policy,openProblems,2,3,8,16,100,healthy,true
policy,openProblems,3,5,8,16,100,healthy,true
policy,openProblems,4,5,8,16,100,healthy,true
policy,openProblems,5,7,8,16,100,healthy,true
policy,openProblems,6,7,8,16,100,healthy,true
policy,rcaOverdue,1,3,0,5,40,act,true
policy,rcaOverdue,2,2,0,5,60,watch,true
policy,rcaOverdue,3,2,0,5,60,watch,true
policy,rcaOverdue,4,2,0,5,60,watch,true
policy,rcaOverdue,5,1,0,5,80,healthy,true
policy,rcaOverdue,6,1,0,5,80,healthy,true
policy,knownErrors,1,11,10,20,95,healthy,true
policy,knownErrors,2,11,10,20,95,healthy,true
policy,knownErrors,3,12,10,20,90,healthy,true
policy,knownErrors,4,13,10,20,85,healthy,true
policy,knownErrors,5,15,10,20,75,watch,true
policy,knownErrors,6,16,10,20,70,watch,true
policy,problemAge,1,28,30,60,100,healthy,true
policy,problemAge,2,34,30,60,93,healthy,true
policy,problemAge,3,34,30,60,93,healthy,true
policy,problemAge,4,40,30,60,83,healthy,true
policy,problemAge,5,41,30,60,82,healthy,true
policy,problemAge,6,45,30,60,75,watch,true
policy,problemLinkage,1,84,80,30,100,healthy,true
policy,problemLinkage,2,81,80,30,100,healthy,true
policy,problemLinkage,3,80,80,30,100,healthy,true
policy,problemLinkage,4,78,80,30,93,healthy,true
policy,problemLinkage,5,77,80,30,90,healthy,true
policy,problemLinkage,6,75,80,30,83,healthy,true
policy,serviceMaturity,1,3.575,4,4,89,healthy,true
policy,serviceMaturity,2,3.625,4,4,91,healthy,true
policy,serviceMaturity,3,3.65,4,4,91,healthy,true
policy,serviceMaturity,4,3.775,4,4,94,healthy,true
policy,serviceMaturity,5,3.9,4,4,98,healthy,true
policy,serviceMaturity,6,3.925,4,4,98,healthy,true
policy,triageMaturity,1,3.6,4,4,90,healthy,true
policy,triageMaturity,2,3.6,4,4,90,healthy,true
policy,triageMaturity,3,3.8,4,4,95,healthy,true
policy,triageMaturity,4,3.9,4,4,98,healthy,true
policy,triageMaturity,5,4,4,4,100,healthy,true
policy,triageMaturity,6,4.1,4,4,100,healthy,true
policy,incidentMaturity,1,3.5,4,4,88,healthy,true
policy,incidentMaturity,2,3.6,4,4,90,healthy,true
policy,incidentMaturity,3,3.7,4,4,93,healthy,true
policy,incidentMaturity,4,3.9,4,4,98,healthy,true
policy,incidentMaturity,5,4.1,4,4,100,healthy,true
policy,incidentMaturity,6,4.1,4,4,100,healthy,true
policy,recoveryMaturity,1,3.4,4,4,85,healthy,true
policy,recoveryMaturity,2,3.5,4,4,88,healthy,true
policy,recoveryMaturity,3,3.5,4,4,88,healthy,true
policy,recoveryMaturity,4,3.8,4,4,95,healthy,true
policy,recoveryMaturity,5,3.9,4,4,98,healthy,true
policy,recoveryMaturity,6,4,4,4,100,healthy,true
policy,resolutionMaturity,1,3.8,4,4,95,healthy,true
policy,resolutionMaturity,2,3.8,4,4,95,healthy,true
policy,resolutionMaturity,3,3.6,4,4,90,healthy,true
policy,resolutionMaturity,4,3.5,4,4,88,healthy,true
policy,resolutionMaturity,5,3.6,4,4,90,healthy,true
policy,resolutionMaturity,6,3.5,4,4,88,healthy,true
policy,runbookCoverage,1,80,90,30,67,watch,true
policy,runbookCoverage,2,80,90,30,67,watch,true
policy,runbookCoverage,3,83,90,30,77,watch,true
policy,runbookCoverage,4,83,90,30,77,watch,true
policy,runbookCoverage,5,87,90,30,90,healthy,true
policy,runbookCoverage,6,87,90,30,90,healthy,true
policy,mtta,1,31,15,30,47,act,true
policy,mtta,2,30,15,30,50,act,true
policy,mtta,3,26,15,30,63,watch,true
policy,mtta,4,26,15,30,63,watch,true
policy,mtta,5,23,15,30,73,watch,true
policy,mtta,6,22,15,30,77,watch,true
policy,techDebt,1,13,25,50,100,healthy,true
policy,techDebt,2,16,25,50,100,healthy,true
policy,techDebt,3,22,25,50,100,healthy,true
policy,techDebt,4,25,25,50,100,healthy,true
policy,techDebt,5,26,25,50,98,healthy,true
policy,techDebt,6,29,25,50,92,healthy,true
policy,archExceptions,1,2,2,5,100,healthy,true
policy,archExceptions,2,2,2,5,100,healthy,true
policy,archExceptions,3,2,2,5,100,healthy,true
policy,archExceptions,4,3,2,5,80,healthy,true
policy,archExceptions,5,3,2,5,80,healthy,true
policy,archExceptions,6,3,2,5,80,healthy,true
policy,strategicAlignment,1,89,80,30,100,healthy,true
policy,strategicAlignment,2,87,80,30,100,healthy,true
policy,strategicAlignment,3,86,80,30,100,healthy,true
policy,strategicAlignment,4,85,80,30,100,healthy,true
policy,strategicAlignment,5,82,80,30,100,healthy,true
policy,strategicAlignment,6,80,80,30,100,healthy,true
policy,brams,1,2,2,5,100,healthy,true
policy,brams,2,3,2,5,80,healthy,true
policy,brams,3,3,2,5,80,healthy,true
policy,brams,4,3,2,5,80,healthy,true
policy,brams,5,4,2,5,60,watch,true
policy,brams,6,4,2,5,60,watch,true
policy,techRisks,1,7,5,10,80,healthy,true
policy,techRisks,2,6,5,10,90,healthy,true
policy,techRisks,3,6,5,10,90,healthy,true
policy,techRisks,4,5,5,10,100,healthy,true
policy,techRisks,5,5,5,10,100,healthy,true
policy,techRisks,6,4,5,10,100,healthy,true
policy,riskTrend,1,1,0,5,80,healthy,true
policy,riskTrend,2,1,0,5,80,healthy,true
policy,riskTrend,3,1,0,5,80,healthy,true
policy,riskTrend,4,0,0,5,100,healthy,true
policy,riskTrend,5,0,0,5,100,healthy,true
policy,riskTrend,6,0,0,5,100,healthy,true
policy,vulns,1,31,15,30,47,act,true
policy,vulns,2,30,15,30,50,act,true
policy,vulns,3,27,15,30,60,watch,true
policy,vulns,4,26,15,30,63,watch,true
policy,vulns,5,25,15,30,67,watch,true
policy,vulns,6,22,15,30,77,watch,true
policy,patchCompliance,1,100,95,30,100,healthy,true
policy,patchCompliance,2,96,95,30,100,healthy,true
policy,patchCompliance,3,95,95,30,100,healthy,true
policy,patchCompliance,4,95,95,30,100,healthy,true
policy,patchCompliance,5,93,95,30,93,healthy,true
policy,patchCompliance,6,90,95,30,83,healthy,true
policy,criticalFindings,1,0,0,5,100,healthy,true
policy,criticalFindings,2,1,0,5,80,healthy,true
policy,criticalFindings,3,1,0,5,80,healthy,true
policy,criticalFindings,4,1,0,5,80,healthy,true
policy,criticalFindings,5,1,0,5,80,healthy,true
policy,criticalFindings,6,2,0,5,60,watch,true
policy,drCompliance,1,100,90,30,100,healthy,true
policy,drCompliance,2,100,90,30,100,healthy,true
policy,drCompliance,3,99,90,30,100,healthy,true
policy,drCompliance,4,98,90,30,100,healthy,true
policy,drCompliance,5,97,90,30,100,healthy,true
policy,drCompliance,6,94,90,30,100,healthy,true
policy,resilienceActions,1,1,3,6,100,healthy,true
policy,resilienceActions,2,2,3,6,100,healthy,true
policy,resilienceActions,3,2,3,6,100,healthy,true
policy,resilienceActions,4,2,3,6,100,healthy,true
policy,resilienceActions,5,3,3,6,100,healthy,true
policy,resilienceActions,6,3,3,6,100,healthy,true
policy,controlHealth,1,100,90,30,100,healthy,true
policy,controlHealth,2,100,90,30,100,healthy,true
policy,controlHealth,3,98,90,30,100,healthy,true
policy,controlHealth,4,97,90,30,100,healthy,true
policy,controlHealth,5,94,90,30,100,healthy,true
policy,controlHealth,6,93,90,30,100,healthy,true
policy,failedChanges,1,6,2,5,20,act,true
policy,failedChanges,2,5,2,5,40,act,true
policy,failedChanges,3,5,2,5,40,act,true
policy,failedChanges,4,5,2,5,40,act,true
policy,failedChanges,5,4,2,5,60,watch,true
policy,failedChanges,6,4,2,5,60,watch,true
policy,changeSuccess,1,74,95,30,30,act,true
policy,changeSuccess,2,75,95,30,33,act,true
policy,changeSuccess,3,75,95,30,33,act,true
policy,changeSuccess,4,78,95,30,43,act,true
policy,changeSuccess,5,81,95,30,53,act,true
policy,changeSuccess,6,82,95,30,57,act,true
policy,releases,1,9,8,8,100,healthy,true
policy,releases,2,9,8,8,100,healthy,true
policy,releases,3,9,8,8,100,healthy,true
policy,releases,4,8,8,8,100,healthy,true
policy,releases,5,7,8,8,88,healthy,true
policy,releases,6,7,8,8,88,healthy,true
policy,emergencyChanges,1,1,5,20,100,healthy,true
policy,emergencyChanges,2,0,5,20,100,healthy,true
policy,emergencyChanges,3,3,5,20,100,healthy,true
policy,emergencyChanges,4,3,5,20,100,healthy,true
policy,emergencyChanges,5,6,5,20,95,healthy,true
policy,emergencyChanges,6,6,5,20,95,healthy,true
policy,changeLeadTime,1,1,5,10,100,healthy,true
policy,changeLeadTime,2,2,5,10,100,healthy,true
policy,changeLeadTime,3,2,5,10,100,healthy,true
policy,changeLeadTime,4,3,5,10,100,healthy,true
policy,changeLeadTime,5,3,5,10,100,healthy,true
policy,changeLeadTime,6,4,5,10,100,healthy,true
policy,applications,1,19,12,24,71,watch,false
policy,applications,2,16,12,24,83,healthy,false
policy,applications,3,15,12,24,88,healthy,false
policy,applications,4,14,12,24,92,healthy,false
policy,applications,5,13,12,24,96,healthy,false
policy,applications,6,11,12,24,100,healthy,false
policy,infraFootprint,1,18,60,120,100,healthy,true
policy,infraFootprint,2,34,60,120,100,healthy,true
policy,infraFootprint,3,36,60,120,100,healthy,true
policy,infraFootprint,4,40,60,120,100,healthy,true
policy,infraFootprint,5,52,60,120,100,healthy,true
policy,infraFootprint,6,58,60,120,100,healthy,true
policy,currency,1,79,90,30,63,watch,true
policy,currency,2,81,90,30,70,watch,true
policy,currency,3,84,90,30,80,healthy,true
policy,currency,4,86,90,30,87,healthy,true
policy,currency,5,89,90,30,97,healthy,true
policy,currency,6,90,90,30,100,healthy,true
policy,cloudMigration,1,83,70,30,100,healthy,true
policy,cloudMigration,2,79,70,30,100,healthy,true
policy,cloudMigration,3,79,70,30,100,healthy,true
policy,cloudMigration,4,76,70,30,100,healthy,true
policy,cloudMigration,5,74,70,30,100,healthy,true
policy,cloudMigration,6,73,70,30,100,healthy,true
policy,endOfSupport,1,5,5,10,100,healthy,true
policy,endOfSupport,2,6,5,10,90,healthy,true
policy,endOfSupport,3,6,5,10,90,healthy,true
policy,endOfSupport,4,7,5,10,80,healthy,true
policy,endOfSupport,5,8,5,10,70,watch,true
policy,endOfSupport,6,8,5,10,70,watch,true
policy,auditActions,1,1,2,5,100,healthy,true
policy,auditActions,2,2,2,5,100,healthy,true
policy,auditActions,3,2,2,5,100,healthy,true
policy,auditActions,4,2,2,5,100,healthy,true
policy,auditActions,5,3,2,5,80,healthy,true
policy,auditActions,6,3,2,5,80,healthy,true
policy,regActions,1,0,1,5,100,healthy,true
policy,regActions,2,0,1,5,100,healthy,true
policy,regActions,3,0,1,5,100,healthy,true
policy,regActions,4,0,1,5,100,healthy,true
policy,regActions,5,1,1,5,100,healthy,true
policy,regActions,6,1,1,5,100,healthy,true
policy,overdueActions,1,2,0,5,60,watch,true
policy,overdueActions,2,2,0,5,60,watch,true
policy,overdueActions,3,2,0,5,60,watch,true
policy,overdueActions,4,1,0,5,80,healthy,true
policy,overdueActions,5,1,0,5,80,healthy,true
policy,overdueActions,6,1,0,5,80,healthy,true
policy,milestones,1,0,6,12,100,healthy,false
policy,milestones,2,1,6,12,100,healthy,false
policy,milestones,3,2,6,12,100,healthy,false
policy,milestones,4,2,6,12,100,healthy,false
policy,milestones,5,4,6,12,100,healthy,false
policy,milestones,6,4,6,12,100,healthy,false
policy,roadmapHealth,1,80,85,30,83,healthy,true
policy,roadmapHealth,2,80,85,30,83,healthy,true
policy,roadmapHealth,3,77,85,30,73,watch,true
policy,roadmapHealth,4,77,85,30,73,watch,true
policy,roadmapHealth,5,73,85,30,60,watch,true
policy,roadmapHealth,6,72,85,30,57,act,true
policy,commitmentsAtRisk,1,0,1,5,100,healthy,true
policy,commitmentsAtRisk,2,1,1,5,100,healthy,true
policy,commitmentsAtRisk,3,1,1,5,100,healthy,true
policy,commitmentsAtRisk,4,1,1,5,100,healthy,true
policy,commitmentsAtRisk,5,2,1,5,80,healthy,true
policy,commitmentsAtRisk,6,2,1,5,80,healthy,true
policy,vacancies,1,1,1,5,100,healthy,true
policy,vacancies,2,1,1,5,100,healthy,true
policy,vacancies,3,1,1,5,100,healthy,true
policy,vacancies,4,2,1,5,80,healthy,true
policy,vacancies,5,2,1,5,80,healthy,true
policy,vacancies,6,2,1,5,80,healthy,true
policy,skillsRisks,1,0,1,5,100,healthy,true
policy,skillsRisks,2,0,1,5,100,healthy,true
policy,skillsRisks,3,0,1,5,100,healthy,true
policy,skillsRisks,4,0,1,5,100,healthy,true
policy,skillsRisks,5,1,1,5,100,healthy,true
policy,skillsRisks,6,1,1,5,100,healthy,true
policy,contractorDependency,1,15,20,20,100,healthy,true
policy,contractorDependency,2,17,20,20,100,healthy,true
policy,contractorDependency,3,17,20,20,100,healthy,true
policy,contractorDependency,4,19,20,20,100,healthy,true
policy,contractorDependency,5,19,20,20,100,healthy,true
policy,contractorDependency,6,21,20,20,95,healthy,true
policy,runCostVsBudget,1,104,100,20,80,healthy,true
policy,runCostVsBudget,2,104,100,20,80,healthy,true
policy,runCostVsBudget,3,102,100,20,90,healthy,true
policy,runCostVsBudget,4,100,100,20,100,healthy,true
policy,runCostVsBudget,5,100,100,20,100,healthy,true
policy,runCostVsBudget,6,98,100,20,100,healthy,true
policy,cloudSpendTrend,1,3,3,20,100,healthy,true
policy,cloudSpendTrend,2,5,3,20,90,healthy,true
policy,cloudSpendTrend,3,7,3,20,80,healthy,true
policy,cloudSpendTrend,4,7,3,20,80,healthy,true
policy,cloudSpendTrend,5,9,3,20,70,watch,true
policy,cloudSpendTrend,6,10,3,20,65,watch,true
policy,orphanedSpend,1,9700,5000,10000,53,act,true
policy,orphanedSpend,2,8800,5000,10000,62,watch,true
policy,orphanedSpend,3,8300,5000,10000,67,watch,true
policy,orphanedSpend,4,8400,5000,10000,66,watch,true
policy,orphanedSpend,5,7500,5000,10000,75,watch,true
policy,orphanedSpend,6,6700,5000,10000,83,healthy,true
policy,sloAttainment,1,100,99,30,100,healthy,true
policy,sloAttainment,2,100,99,30,100,healthy,true
policy,sloAttainment,3,100,99,30,100,healthy,true
policy,sloAttainment,4,100,99,30,100,healthy,true
policy,sloAttainment,5,100,99,30,100,healthy,true
policy,sloAttainment,6,100,99,30,100,healthy,true
policy,monitoringCoverage,1,92,90,30,100,healthy,true
policy,monitoringCoverage,2,90,90,30,100,healthy,true
policy,monitoringCoverage,3,88,90,30,93,healthy,true
policy,monitoringCoverage,4,86,90,30,87,healthy,true
policy,monitoringCoverage,5,85,90,30,83,healthy,true
policy,monitoringCoverage,6,83,90,30,77,watch,true
policy,alertNoise,1,80,70,30,100,healthy,true
policy,alertNoise,2,78,70,30,100,healthy,true
policy,alertNoise,3,76,70,30,100,healthy,true
policy,alertNoise,4,75,70,30,100,healthy,true
policy,alertNoise,5,73,70,30,100,healthy,true
policy,alertNoise,6,72,70,30,100,healthy,true
digital,openSncs,1,0,6,12,100,healthy,true
digital,openSncs,2,1,6,12,100,healthy,true
digital,openSncs,3,2,6,12,100,healthy,true
digital,openSncs,4,2,6,12,100,healthy,true
digital,openSncs,5,3,6,12,100,healthy,true
digital,openSncs,6,3,6,12,100,healthy,true
digital,sncAge,1,8,14,28,100,healthy,true
digital,sncAge,2,10,14,28,100,healthy,true
digital,sncAge,3,9,14,28,100,healthy,true
digital,sncAge,4,12,14,28,100,healthy,true
digital,sncAge,5,12,14,28,100,healthy,true
digital,sncAge,6,14,14,28,100,healthy,true
digital,repeatSncs,1,3,10,20,100,healthy,true
digital,repeatSncs,2,4,10,20,100,healthy,true
digital,repeatSncs,3,4,10,20,100,healthy,true
digital,repeatSncs,4,6,10,20,100,healthy,true
digital,repeatSncs,5,7,10,20,100,healthy,true
digital,repeatSncs,6,8,10,20,100,healthy,true
digital,p1p2Incidents,1,1,6,12,100,healthy,true
digital,p1p2Incidents,2,2,6,12,100,healthy,true
digital,p1p2Incidents,3,3,6,12,100,healthy,true
digital,p1p2Incidents,4,3,6,12,100,healthy,true
digital,p1p2Incidents,5,4,6,12,100,healthy,true
digital,p1p2Incidents,6,4,6,12,100,healthy,true
digital,majorIncidents,1,0,1,5,100,healthy,true
digital,majorIncidents,2,0,1,5,100,healthy,true
digital,majorIncidents,3,0,1,5,100,healthy,true
digital,majorIncidents,4,0,1,5,100,healthy,true
digital,majorIncidents,5,0,1,5,100,healthy,true
digital,majorIncidents,6,0,1,5,100,healthy,true
digital,mttr,1,1,4,8,100,healthy,true
digital,mttr,2,2,4,8,100,healthy,true
digital,mttr,3,2,4,8,100,healthy,true
digital,mttr,4,2,4,8,100,healthy,true
digital,mttr,5,3,4,8,100,healthy,true
digital,mttr,6,3,4,8,100,healthy,true
digital,repeatIncidents,1,4,10,20,100,healthy,true
digital,repeatIncidents,2,4,10,20,100,healthy,true
digital,repeatIncidents,3,5,10,20,100,healthy,true
digital,repeatIncidents,4,6,10,20,100,healthy,true
digital,repeatIncidents,5,8,10,20,100,healthy,true
digital,repeatIncidents,6,8,10,20,100,healthy,true
digital,incidentBacklog,1,7,5,10,80,healthy,true
digital,incidentBacklog,2,6,5,10,90,healthy,true
digital,incidentBacklog,3,6,5,10,90,healthy,true
digital,incidentBacklog,4,5,5,10,100,healthy,true
digital,incidentBacklog,5,5,5,10,100,healthy,true
digital,incidentBacklog,6,4,5,10,100,healthy,true
digital,openProblems,1,0,8,16,100,healthy,true
digital,openProblems,2,1,8,16,100,healthy,true
digital,openProblems,3,1,8,16,100,healthy,true
digital,openProblems,4,2,8,16,100,healthy,true
digital,openProblems,5,2,8,16,100,healthy,true
digital,openProblems,6,3,8,16,100,healthy,true
digital,rcaOverdue,1,0,0,5,100,healthy,true
digital,rcaOverdue,2,0,0,5,100,healthy,true
digital,rcaOverdue,3,0,0,5,100,healthy,true
digital,rcaOverdue,4,0,0,5,100,healthy,true
digital,rcaOverdue,5,0,0,5,100,healthy,true
digital,rcaOverdue,6,0,0,5,100,healthy,true
digital,knownErrors,1,4,10,20,100,healthy,true
digital,knownErrors,2,5,10,20,100,healthy,true
digital,knownErrors,3,7,10,20,100,healthy,true
digital,knownErrors,4,8,10,20,100,healthy,true
digital,knownErrors,5,8,10,20,100,healthy,true
digital,knownErrors,6,9,10,20,100,healthy,true
digital,problemAge,1,14,30,60,100,healthy,true
digital,problemAge,2,18,30,60,100,healthy,true
digital,problemAge,3,20,30,60,100,healthy,true
digital,problemAge,4,21,30,60,100,healthy,true
digital,problemAge,5,21,30,60,100,healthy,true
digital,problemAge,6,25,30,60,100,healthy,true
digital,problemLinkage,1,93,80,30,100,healthy,true
digital,problemLinkage,2,90,80,30,100,healthy,true
digital,problemLinkage,3,90,80,30,100,healthy,true
digital,problemLinkage,4,87,80,30,100,healthy,true
digital,problemLinkage,5,86,80,30,100,healthy,true
digital,problemLinkage,6,86,80,30,100,healthy,true
digital,serviceMaturity,1,4.425000000000001,4,4,100,healthy,true
digital,serviceMaturity,2,4.45,4,4,100,healthy,true
digital,serviceMaturity,3,4.4750000000000005,4,4,100,healthy,true
digital,serviceMaturity,4,4.375,4,4,100,healthy,true
digital,serviceMaturity,5,4.45,4,4,100,healthy,true
digital,serviceMaturity,6,4.425,4,4,100,healthy,true
digital,triageMaturity,1,4.4,4,4,100,healthy,true
digital,triageMaturity,2,4.5,4,4,100,healthy,true
digital,triageMaturity,3,4.6,4,4,100,healthy,true
digital,triageMaturity,4,4.6,4,4,100,healthy,true
digital,triageMaturity,5,4.7,4,4,100,healthy,true
digital,triageMaturity,6,4.9,4,4,100,healthy,true
digital,incidentMaturity,1,3.9,4,4,98,healthy,true
digital,incidentMaturity,2,4,4,4,100,healthy,true
digital,incidentMaturity,3,4.2,4,4,100,healthy,true
digital,incidentMaturity,4,4.1,4,4,100,healthy,true
digital,incidentMaturity,5,4.4,4,4,100,healthy,true
digital,incidentMaturity,6,4.4,4,4,100,healthy,true
digital,recoveryMaturity,1,4.4,4,4,100,healthy,true
digital,recoveryMaturity,2,4.5,4,4,100,healthy,true
digital,recoveryMaturity,3,4.4,4,4,100,healthy,true
digital,recoveryMaturity,4,4.3,4,4,100,healthy,true
digital,recoveryMaturity,5,4.2,4,4,100,healthy,true
digital,recoveryMaturity,6,4.1,4,4,100,healthy,true
digital,resolutionMaturity,1,5,4,4,100,healthy,true
digital,resolutionMaturity,2,4.8,4,4,100,healthy,true
digital,resolutionMaturity,3,4.7,4,4,100,healthy,true
digital,resolutionMaturity,4,4.5,4,4,100,healthy,true
digital,resolutionMaturity,5,4.5,4,4,100,healthy,true
digital,resolutionMaturity,6,4.3,4,4,100,healthy,true
digital,runbookCoverage,1,100,90,30,100,healthy,true
digital,runbookCoverage,2,99,90,30,100,healthy,true
digital,runbookCoverage,3,98,90,30,100,healthy,true
digital,runbookCoverage,4,96,90,30,100,healthy,true
digital,runbookCoverage,5,95,90,30,100,healthy,true
digital,runbookCoverage,6,94,90,30,100,healthy,true
digital,mtta,1,0,15,30,100,healthy,true
digital,mtta,2,0,15,30,100,healthy,true
digital,mtta,3,0,15,30,100,healthy,true
digital,mtta,4,0,15,30,100,healthy,true
digital,mtta,5,0,15,30,100,healthy,true
digital,mtta,6,2,15,30,100,healthy,true
digital,techDebt,1,8,25,50,100,healthy,true
digital,techDebt,2,9,25,50,100,healthy,true
digital,techDebt,3,11,25,50,100,healthy,true
digital,techDebt,4,14,25,50,100,healthy,true
digital,techDebt,5,17,25,50,100,healthy,true
digital,techDebt,6,17,25,50,100,healthy,true
digital,archExceptions,1,0,2,5,100,healthy,true
digital,archExceptions,2,0,2,5,100,healthy,true
digital,archExceptions,3,1,2,5,100,healthy,true
digital,archExceptions,4,0,2,5,100,healthy,true
digital,archExceptions,5,1,2,5,100,healthy,true
digital,archExceptions,6,1,2,5,100,healthy,true
digital,strategicAlignment,1,92,80,30,100,healthy,true
digital,strategicAlignment,2,89,80,30,100,healthy,true
digital,strategicAlignment,3,88,80,30,100,healthy,true
digital,strategicAlignment,4,87,80,30,100,healthy,true
digital,strategicAlignment,5,87,80,30,100,healthy,true
digital,strategicAlignment,6,85,80,30,100,healthy,true
digital,brams,1,2,2,5,100,healthy,true
digital,brams,2,2,2,5,100,healthy,true
digital,brams,3,2,2,5,100,healthy,true
digital,brams,4,3,2,5,80,healthy,true
digital,brams,5,3,2,5,80,healthy,true
digital,brams,6,3,2,5,80,healthy,true
digital,techRisks,1,3,5,10,100,healthy,true
digital,techRisks,2,3,5,10,100,healthy,true
digital,techRisks,3,3,5,10,100,healthy,true
digital,techRisks,4,2,5,10,100,healthy,true
digital,techRisks,5,2,5,10,100,healthy,true
digital,techRisks,6,1,5,10,100,healthy,true
digital,riskTrend,1,0,0,5,100,healthy,true
digital,riskTrend,2,0,0,5,100,healthy,true
digital,riskTrend,3,0,0,5,100,healthy,true
digital,riskTrend,4,0,0,5,100,healthy,true
digital,riskTrend,5,0,0,5,100,healthy,true
digital,riskTrend,6,0,0,5,100,healthy,true
digital,vulns,1,11,15,30,100,healthy,true
digital,vulns,2,10,15,30,100,healthy,true
digital,vulns,3,6,15,30,100,healthy,true
digital,vulns,4,4,15,30,100,healthy,true
digital,vulns,5,3,15,30,100,healthy,true
digital,vulns,6,3,15,30,100,healthy,true
digital,patchCompliance,1,93,95,30,93,healthy,true
digital,patchCompliance,2,93,95,30,93,healthy,true
digital,patchCompliance,3,96,95,30,100,healthy,true
digital,patchCompliance,4,95,95,30,100,healthy,true
digital,patchCompliance,5,98,95,30,100,healthy,true
digital,patchCompliance,6,99,95,30,100,healthy,true
digital,criticalFindings,1,0,0,5,100,healthy,true
digital,criticalFindings,2,0,0,5,100,healthy,true
digital,criticalFindings,3,0,0,5,100,healthy,true
digital,criticalFindings,4,0,0,5,100,healthy,true
digital,criticalFindings,5,0,0,5,100,healthy,true
digital,criticalFindings,6,0,0,5,100,healthy,true
digital,drCompliance,1,100,90,30,100,healthy,true
digital,drCompliance,2,100,90,30,100,healthy,true
digital,drCompliance,3,100,90,30,100,healthy,true
digital,drCompliance,4,100,90,30,100,healthy,true
digital,drCompliance,5,100,90,30,100,healthy,true
digital,drCompliance,6,100,90,30,100,healthy,true
digital,resilienceActions,1,0,3,6,100,healthy,true
digital,resilienceActions,2,0,3,6,100,healthy,true
digital,resilienceActions,3,0,3,6,100,healthy,true
digital,resilienceActions,4,0,3,6,100,healthy,true
digital,resilienceActions,5,1,3,6,100,healthy,true
digital,resilienceActions,6,1,3,6,100,healthy,true
digital,controlHealth,1,98,90,30,100,healthy,true
digital,controlHealth,2,94,90,30,100,healthy,true
digital,controlHealth,3,93,90,30,100,healthy,true
digital,controlHealth,4,92,90,30,100,healthy,true
digital,controlHealth,5,92,90,30,100,healthy,true
digital,controlHealth,6,90,90,30,100,healthy,true
digital,failedChanges,1,1,2,5,100,healthy,true
digital,failedChanges,2,1,2,5,100,healthy,true
digital,failedChanges,3,1,2,5,100,healthy,true
digital,failedChanges,4,2,2,5,100,healthy,true
digital,failedChanges,5,2,2,5,100,healthy,true
digital,failedChanges,6,2,2,5,100,healthy,true
digital,changeSuccess,1,100,95,30,100,healthy,true
digital,changeSuccess,2,99,95,30,100,healthy,true
digital,changeSuccess,3,97,95,30,100,healthy,true
digital,changeSuccess,4,98,95,30,100,healthy,true
digital,changeSuccess,5,97,95,30,100,healthy,true
digital,changeSuccess,6,94,95,30,97,healthy,true
digital,releases,1,11,8,8,100,healthy,true
digital,releases,2,11,8,8,100,healthy,true
digital,releases,3,10,8,8,100,healthy,true
digital,releases,4,10,8,8,100,healthy,true
digital,releases,5,9,8,8,100,healthy,true
digital,releases,6,9,8,8,100,healthy,true
digital,emergencyChanges,1,9,5,20,80,healthy,true
digital,emergencyChanges,2,8,5,20,85,healthy,true
digital,emergencyChanges,3,8,5,20,85,healthy,true
digital,emergencyChanges,4,7,5,20,90,healthy,true
digital,emergencyChanges,5,6,5,20,95,healthy,true
digital,emergencyChanges,6,5,5,20,100,healthy,true
digital,changeLeadTime,1,3,5,10,100,healthy,true
digital,changeLeadTime,2,3,5,10,100,healthy,true
digital,changeLeadTime,3,4,5,10,100,healthy,true
digital,changeLeadTime,4,4,5,10,100,healthy,true
digital,changeLeadTime,5,4,5,10,100,healthy,true
digital,changeLeadTime,6,5,5,10,100,healthy,true
digital,applications,1,6,12,24,100,healthy,false
digital,applications,2,7,12,24,100,healthy,false
digital,applications,3,7,12,24,100,healthy,false
digital,applications,4,9,12,24,100,healthy,false
digital,applications,5,10,12,24,100,healthy,false
digital,applications,6,11,12,24,100,healthy,false
digital,infraFootprint,1,19,60,120,100,healthy,true
digital,infraFootprint,2,22,60,120,100,healthy,true
digital,infraFootprint,3,36,60,120,100,healthy,true
digital,infraFootprint,4,34,60,120,100,healthy,true
digital,infraFootprint,5,44,60,120,100,healthy,true
digital,infraFootprint,6,49,60,120,100,healthy,true
digital,currency,1,100,90,30,100,healthy,true
digital,currency,2,100,90,30,100,healthy,true
digital,currency,3,100,90,30,100,healthy,true
digital,currency,4,100,90,30,100,healthy,true
digital,currency,5,99,90,30,100,healthy,true
digital,currency,6,96,90,30,100,healthy,true
digital,cloudMigration,1,77,70,30,100,healthy,true
digital,cloudMigration,2,76,70,30,100,healthy,true
digital,cloudMigration,3,74,70,30,100,healthy,true
digital,cloudMigration,4,72,70,30,100,healthy,true
digital,cloudMigration,5,71,70,30,100,healthy,true
digital,cloudMigration,6,69,70,30,97,healthy,true
digital,endOfSupport,1,4,5,10,100,healthy,true
digital,endOfSupport,2,4,5,10,100,healthy,true
digital,endOfSupport,3,4,5,10,100,healthy,true
digital,endOfSupport,4,3,5,10,100,healthy,true
digital,endOfSupport,5,2,5,10,100,healthy,true
digital,endOfSupport,6,2,5,10,100,healthy,true
digital,auditActions,1,0,2,5,100,healthy,true
digital,auditActions,2,0,2,5,100,healthy,true
digital,auditActions,3,0,2,5,100,healthy,true
digital,auditActions,4,0,2,5,100,healthy,true
digital,auditActions,5,0,2,5,100,healthy,true
digital,auditActions,6,0,2,5,100,healthy,true
digital,regActions,1,1,1,5,100,healthy,true
digital,regActions,2,1,1,5,100,healthy,true
digital,regActions,3,1,1,5,100,healthy,true
digital,regActions,4,1,1,5,100,healthy,true
digital,regActions,5,0,1,5,100,healthy,true
digital,regActions,6,0,1,5,100,healthy,true
digital,overdueActions,1,0,0,5,100,healthy,true
digital,overdueActions,2,0,0,5,100,healthy,true
digital,overdueActions,3,0,0,5,100,healthy,true
digital,overdueActions,4,0,0,5,100,healthy,true
digital,overdueActions,5,0,0,5,100,healthy,true
digital,overdueActions,6,0,0,5,100,healthy,true
digital,milestones,1,1,6,12,100,healthy,false
digital,milestones,2,2,6,12,100,healthy,false
digital,milestones,3,3,6,12,100,healthy,false
digital,milestones,4,3,6,12,100,healthy,false
digital,milestones,5,4,6,12,100,healthy,false
digital,milestones,6,4,6,12,100,healthy,false
digital,roadmapHealth,1,85,85,30,100,healthy,true
digital,roadmapHealth,2,85,85,30,100,healthy,true
digital,roadmapHealth,3,86,85,30,100,healthy,true
digital,roadmapHealth,4,88,85,30,100,healthy,true
digital,roadmapHealth,5,88,85,30,100,healthy,true
digital,roadmapHealth,6,91,85,30,100,healthy,true
digital,commitmentsAtRisk,1,0,1,5,100,healthy,true
digital,commitmentsAtRisk,2,0,1,5,100,healthy,true
digital,commitmentsAtRisk,3,0,1,5,100,healthy,true
digital,commitmentsAtRisk,4,0,1,5,100,healthy,true
digital,commitmentsAtRisk,5,0,1,5,100,healthy,true
digital,commitmentsAtRisk,6,0,1,5,100,healthy,true
digital,vacancies,1,1,1,5,100,healthy,true
digital,vacancies,2,1,1,5,100,healthy,true
digital,vacancies,3,0,1,5,100,healthy,true
digital,vacancies,4,1,1,5,100,healthy,true
digital,vacancies,5,0,1,5,100,healthy,true
digital,vacancies,6,0,1,5,100,healthy,true
digital,skillsRisks,1,1,1,5,100,healthy,true
digital,skillsRisks,2,1,1,5,100,healthy,true
digital,skillsRisks,3,1,1,5,100,healthy,true
digital,skillsRisks,4,1,1,5,100,healthy,true
digital,skillsRisks,5,0,1,5,100,healthy,true
digital,skillsRisks,6,0,1,5,100,healthy,true
digital,contractorDependency,1,15,20,20,100,healthy,true
digital,contractorDependency,2,16,20,20,100,healthy,true
digital,contractorDependency,3,17,20,20,100,healthy,true
digital,contractorDependency,4,19,20,20,100,healthy,true
digital,contractorDependency,5,20,20,20,100,healthy,true
digital,contractorDependency,6,20,20,20,100,healthy,true
digital,runCostVsBudget,1,87,100,20,100,healthy,true
digital,runCostVsBudget,2,89,100,20,100,healthy,true
digital,runCostVsBudget,3,90,100,20,100,healthy,true
digital,runCostVsBudget,4,90,100,20,100,healthy,true
digital,runCostVsBudget,5,90,100,20,100,healthy,true
digital,runCostVsBudget,6,92,100,20,100,healthy,true
digital,cloudSpendTrend,1,-6,3,20,100,healthy,true
digital,cloudSpendTrend,2,-5,3,20,100,healthy,true
digital,cloudSpendTrend,3,-4,3,20,100,healthy,true
digital,cloudSpendTrend,4,-3,3,20,100,healthy,true
digital,cloudSpendTrend,5,-2,3,20,100,healthy,true
digital,cloudSpendTrend,6,-2,3,20,100,healthy,true
digital,orphanedSpend,1,3700,5000,10000,100,healthy,true
digital,orphanedSpend,2,3600,5000,10000,100,healthy,true
digital,orphanedSpend,3,2900,5000,10000,100,healthy,true
digital,orphanedSpend,4,2200,5000,10000,100,healthy,true
digital,orphanedSpend,5,1700,5000,10000,100,healthy,true
digital,orphanedSpend,6,1300,5000,10000,100,healthy,true
digital,sloAttainment,1,100,99,30,100,healthy,true
digital,sloAttainment,2,100,99,30,100,healthy,true
digital,sloAttainment,3,100,99,30,100,healthy,true
digital,sloAttainment,4,100,99,30,100,healthy,true
digital,sloAttainment,5,100,99,30,100,healthy,true
digital,sloAttainment,6,100,99,30,100,healthy,true
digital,monitoringCoverage,1,100,90,30,100,healthy,true
digital,monitoringCoverage,2,100,90,30,100,healthy,true
digital,monitoringCoverage,3,100,90,30,100,healthy,true
digital,monitoringCoverage,4,99,90,30,100,healthy,true
digital,monitoringCoverage,5,99,90,30,100,healthy,true
digital,monitoringCoverage,6,97,90,30,100,healthy,true
digital,alertNoise,1,81,70,30,100,healthy,true
digital,alertNoise,2,80,70,30,100,healthy,true
digital,alertNoise,3,79,70,30,100,healthy,true
digital,alertNoise,4,75,70,30,100,healthy,true
digital,alertNoise,5,75,70,30,100,healthy,true
digital,alertNoise,6,74,70,30,100,healthy,true
onboarding,openSncs,1,5,6,12,100,healthy,true
onboarding,openSncs,2,6,6,12,100,healthy,true
onboarding,openSncs,3,6,6,12,100,healthy,true
onboarding,openSncs,4,7,6,12,92,healthy,true
onboarding,openSncs,5,8,6,12,83,healthy,true
onboarding,openSncs,6,8,6,12,83,healthy,true
onboarding,sncAge,1,14,14,28,100,healthy,true
onboarding,sncAge,2,15,14,28,96,healthy,true
onboarding,sncAge,3,16,14,28,93,healthy,true
onboarding,sncAge,4,17,14,28,89,healthy,true
onboarding,sncAge,5,18,14,28,86,healthy,true
onboarding,sncAge,6,21,14,28,75,watch,true
onboarding,repeatSncs,1,8,10,20,100,healthy,true
onboarding,repeatSncs,2,10,10,20,100,healthy,true
onboarding,repeatSncs,3,11,10,20,95,healthy,true
onboarding,repeatSncs,4,10,10,20,100,healthy,true
onboarding,repeatSncs,5,11,10,20,95,healthy,true
onboarding,repeatSncs,6,13,10,20,85,healthy,true
onboarding,p1p2Incidents,1,9,6,12,75,watch,true
onboarding,p1p2Incidents,2,9,6,12,75,watch,true
onboarding,p1p2Incidents,3,8,6,12,83,healthy,true
onboarding,p1p2Incidents,4,7,6,12,92,healthy,true
onboarding,p1p2Incidents,5,7,6,12,92,healthy,true
onboarding,p1p2Incidents,6,6,6,12,100,healthy,true
onboarding,majorIncidents,1,2,1,5,80,healthy,true
onboarding,majorIncidents,2,2,1,5,80,healthy,true
onboarding,majorIncidents,3,2,1,5,80,healthy,true
onboarding,majorIncidents,4,2,1,5,80,healthy,true
onboarding,majorIncidents,5,2,1,5,80,healthy,true
onboarding,majorIncidents,6,3,1,5,60,watch,true
onboarding,mttr,1,4,4,8,100,healthy,true
onboarding,mttr,2,4,4,8,100,healthy,true
onboarding,mttr,3,4,4,8,100,healthy,true
onboarding,mttr,4,5,4,8,88,healthy,true
onboarding,mttr,5,6,4,8,75,watch,true
onboarding,mttr,6,6,4,8,75,watch,true
onboarding,repeatIncidents,1,10,10,20,100,healthy,true
onboarding,repeatIncidents,2,12,10,20,90,healthy,true
onboarding,repeatIncidents,3,14,10,20,80,healthy,true
onboarding,repeatIncidents,4,14,10,20,80,healthy,true
onboarding,repeatIncidents,5,16,10,20,70,watch,true
onboarding,repeatIncidents,6,17,10,20,65,watch,true
onboarding,incidentBacklog,1,2,5,10,100,healthy,true
onboarding,incidentBacklog,2,2,5,10,100,healthy,true
onboarding,incidentBacklog,3,3,5,10,100,healthy,true
onboarding,incidentBacklog,4,3,5,10,100,healthy,true
onboarding,incidentBacklog,5,5,5,10,100,healthy,true
onboarding,incidentBacklog,6,5,5,10,100,healthy,true
onboarding,openProblems,1,6,8,16,100,healthy,true
onboarding,openProblems,2,6,8,16,100,healthy,true
onboarding,openProblems,3,8,8,16,100,healthy,true
onboarding,openProblems,4,8,8,16,100,healthy,true
onboarding,openProblems,5,9,8,16,94,healthy,true
onboarding,openProblems,6,10,8,16,88,healthy,true
onboarding,rcaOverdue,1,0,0,5,100,healthy,true
onboarding,rcaOverdue,2,0,0,5,100,healthy,true
onboarding,rcaOverdue,3,0,0,5,100,healthy,true
onboarding,rcaOverdue,4,0,0,5,100,healthy,true
onboarding,rcaOverdue,5,0,0,5,100,healthy,true
onboarding,rcaOverdue,6,0,0,5,100,healthy,true
onboarding,knownErrors,1,20,10,20,50,act,true
onboarding,knownErrors,2,20,10,20,50,act,true
onboarding,knownErrors,3,18,10,20,60,watch,true
onboarding,knownErrors,4,18,10,20,60,watch,true
onboarding,knownErrors,5,17,10,20,65,watch,true
onboarding,knownErrors,6,15,10,20,75,watch,true
onboarding,problemAge,1,57,30,60,55,act,true
onboarding,problemAge,2,53,30,60,62,watch,true
onboarding,problemAge,3,51,30,60,65,watch,true
onboarding,problemAge,4,43,30,60,78,watch,true
onboarding,problemAge,5,39,30,60,85,healthy,true
onboarding,problemAge,6,38,30,60,87,healthy,true
onboarding,problemLinkage,1,82,80,30,100,healthy,true
onboarding,problemLinkage,2,78,80,30,93,healthy,true
onboarding,problemLinkage,3,76,80,30,87,healthy,true
onboarding,problemLinkage,4,74,80,30,80,healthy,true
onboarding,problemLinkage,5,74,80,30,80,healthy,true
onboarding,problemLinkage,6,72,80,30,73,watch,true
onboarding,serviceMaturity,1,3.5,4,4,88,healthy,true
onboarding,serviceMaturity,2,3.5500000000000003,4,4,89,healthy,true
onboarding,serviceMaturity,3,3.5000000000000004,4,4,88,healthy,true
onboarding,serviceMaturity,4,3.525,4,4,88,healthy,true
onboarding,serviceMaturity,5,3.5,4,4,88,healthy,true
onboarding,serviceMaturity,6,3.55,4,4,89,healthy,true
onboarding,triageMaturity,1,4.5,4,4,100,healthy,true
onboarding,triageMaturity,2,4.3,4,4,100,healthy,true
onboarding,triageMaturity,3,4.2,4,4,100,healthy,true
onboarding,triageMaturity,4,4,4,4,100,healthy,true
onboarding,triageMaturity,5,3.9,4,4,98,healthy,true
onboarding,triageMaturity,6,3.9,4,4,98,healthy,true
onboarding,incidentMaturity,1,2.7,4,4,68,watch,true
onboarding,incidentMaturity,2,3,4,4,75,watch,true
onboarding,incidentMaturity,3,3.1,4,4,78,watch,true
onboarding,incidentMaturity,4,3.2,4,4,80,healthy,true
onboarding,incidentMaturity,5,3.3,4,4,83,healthy,true
onboarding,incidentMaturity,6,3.5,4,4,88,healthy,true
onboarding,recoveryMaturity,1,4.1,4,4,100,healthy,true
onboarding,recoveryMaturity,2,4,4,4,100,healthy,true
onboarding,recoveryMaturity,3,3.8,4,4,95,healthy,true
onboarding,recoveryMaturity,4,3.8,4,4,95,healthy,true
onboarding,recoveryMaturity,5,3.6,4,4,90,healthy,true
onboarding,recoveryMaturity,6,3.5,4,4,88,healthy,true
onboarding,resolutionMaturity,1,2.7,4,4,68,watch,true
onboarding,resolutionMaturity,2,2.9,4,4,73,watch,true
onboarding,resolutionMaturity,3,2.9,4,4,73,watch,true
onboarding,resolutionMaturity,4,3.1,4,4,78,watch,true
onboarding,resolutionMaturity,5,3.2,4,4,80,healthy,true
onboarding,resolutionMaturity,6,3.3,4,4,83,healthy,true
onboarding,runbookCoverage,1,94,90,30,100,healthy,true
onboarding,runbookCoverage,2,94,90,30,100,healthy,true
onboarding,runbookCoverage,3,92,90,30,100,healthy,true
onboarding,runbookCoverage,4,91,90,30,100,healthy,true
onboarding,runbookCoverage,5,88,90,30,93,healthy,true
onboarding,runbookCoverage,6,87,90,30,90,healthy,true
onboarding,mtta,1,28,15,30,57,act,true
onboarding,mtta,2,27,15,30,60,watch,true
onboarding,mtta,3,24,15,30,70,watch,true
onboarding,mtta,4,23,15,30,73,watch,true
onboarding,mtta,5,24,15,30,70,watch,true
onboarding,mtta,6,21,15,30,80,healthy,true
onboarding,techDebt,1,30,25,50,90,healthy,true
onboarding,techDebt,2,27,25,50,96,healthy,true
onboarding,techDebt,3,22,25,50,100,healthy,true
onboarding,techDebt,4,18,25,50,100,healthy,true
onboarding,techDebt,5,18,25,50,100,healthy,true
onboarding,techDebt,6,14,25,50,100,healthy,true
onboarding,archExceptions,1,2,2,5,100,healthy,true
onboarding,archExceptions,2,2,2,5,100,healthy,true
onboarding,archExceptions,3,2,2,5,100,healthy,true
onboarding,archExceptions,4,3,2,5,80,healthy,true
onboarding,archExceptions,5,3,2,5,80,healthy,true
onboarding,archExceptions,6,3,2,5,80,healthy,true
onboarding,strategicAlignment,1,88,80,30,100,healthy,true
onboarding,strategicAlignment,2,84,80,30,100,healthy,true
onboarding,strategicAlignment,3,83,80,30,100,healthy,true
onboarding,strategicAlignment,4,82,80,30,100,healthy,true
onboarding,strategicAlignment,5,82,80,30,100,healthy,true
onboarding,strategicAlignment,6,79,80,30,97,healthy,true
onboarding,brams,1,0,2,5,100,healthy,true
onboarding,brams,2,0,2,5,100,healthy,true
onboarding,brams,3,0,2,5,100,healthy,true
onboarding,brams,4,0,2,5,100,healthy,true
onboarding,brams,5,1,2,5,100,healthy,true
onboarding,brams,6,1,2,5,100,healthy,true
onboarding,techRisks,1,4,5,10,100,healthy,true
onboarding,techRisks,2,5,5,10,100,healthy,true
onboarding,techRisks,3,5,5,10,100,healthy,true
onboarding,techRisks,4,6,5,10,90,healthy,true
onboarding,techRisks,5,6,5,10,90,healthy,true
onboarding,techRisks,6,7,5,10,80,healthy,true
onboarding,riskTrend,1,0,0,5,100,healthy,true
onboarding,riskTrend,2,0,0,5,100,healthy,true
onboarding,riskTrend,3,0,0,5,100,healthy,true
onboarding,riskTrend,4,0,0,5,100,healthy,true
onboarding,riskTrend,5,0,0,5,100,healthy,true
onboarding,riskTrend,6,0,0,5,100,healthy,true
onboarding,vulns,1,18,15,30,90,healthy,true
onboarding,vulns,2,18,15,30,90,healthy,true
onboarding,vulns,3,14,15,30,100,healthy,true
onboarding,vulns,4,13,15,30,100,healthy,true
onboarding,vulns,5,10,15,30,100,healthy,true
onboarding,vulns,6,10,15,30,100,healthy,true
onboarding,patchCompliance,1,94,95,30,97,healthy,true
onboarding,patchCompliance,2,93,95,30,93,healthy,true
onboarding,patchCompliance,3,92,95,30,90,healthy,true
onboarding,patchCompliance,4,90,95,30,83,healthy,true
onboarding,patchCompliance,5,87,95,30,73,watch,true
onboarding,patchCompliance,6,87,95,30,73,watch,true
onboarding,criticalFindings,1,0,0,5,100,healthy,true
onboarding,criticalFindings,2,0,0,5,100,healthy,true
onboarding,criticalFindings,3,0,0,5,100,healthy,true
onboarding,criticalFindings,4,0,0,5,100,healthy,true
onboarding,criticalFindings,5,1,0,5,80,healthy,true
onboarding,criticalFindings,6,1,0,5,80,healthy,true
onboarding,drCompliance,1,94,90,30,100,healthy,true
onboarding,drCompliance,2,93,90,30,100,healthy,true
onboarding,drCompliance,3,93,90,30,100,healthy,true
onboarding,drCompliance,4,91,90,30,100,healthy,true
onboarding,drCompliance,5,88,90,30,93,healthy,true
onboarding,drCompliance,6,87,90,30,90,healthy,true
onboarding,resilienceActions,1,0,3,6,100,healthy,true
onboarding,resilienceActions,2,0,3,6,100,healthy,true
onboarding,resilienceActions,3,1,3,6,100,healthy,true
onboarding,resilienceActions,4,1,3,6,100,healthy,true
onboarding,resilienceActions,5,2,3,6,100,healthy,true
onboarding,resilienceActions,6,2,3,6,100,healthy,true
onboarding,controlHealth,1,100,90,30,100,healthy,true
onboarding,controlHealth,2,96,90,30,100,healthy,true
onboarding,controlHealth,3,96,90,30,100,healthy,true
onboarding,controlHealth,4,95,90,30,100,healthy,true
onboarding,controlHealth,5,94,90,30,100,healthy,true
onboarding,controlHealth,6,91,90,30,100,healthy,true
onboarding,failedChanges,1,0,2,5,100,healthy,true
onboarding,failedChanges,2,1,2,5,100,healthy,true
onboarding,failedChanges,3,1,2,5,100,healthy,true
onboarding,failedChanges,4,1,2,5,100,healthy,true
onboarding,failedChanges,5,2,2,5,100,healthy,true
onboarding,failedChanges,6,2,2,5,100,healthy,true
onboarding,changeSuccess,1,100,95,30,100,healthy,true
onboarding,changeSuccess,2,99,95,30,100,healthy,true
onboarding,changeSuccess,3,98,95,30,100,healthy,true
onboarding,changeSuccess,4,95,95,30,100,healthy,true
onboarding,changeSuccess,5,93,95,30,93,healthy,true
onboarding,changeSuccess,6,92,95,30,90,healthy,true
onboarding,releases,1,11,8,8,100,healthy,true
onboarding,releases,2,10,8,8,100,healthy,true
onboarding,releases,3,10,8,8,100,healthy,true
onboarding,releases,4,10,8,8,100,healthy,true
onboarding,releases,5,10,8,8,100,healthy,true
onboarding,releases,6,9,8,8,100,healthy,true
onboarding,emergencyChanges,1,0,5,20,100,healthy,true
onboarding,emergencyChanges,2,0,5,20,100,healthy,true
onboarding,emergencyChanges,3,1,5,20,100,healthy,true
onboarding,emergencyChanges,4,2,5,20,100,healthy,true
onboarding,emergencyChanges,5,3,5,20,100,healthy,true
onboarding,emergencyChanges,6,4,5,20,100,healthy,true
onboarding,changeLeadTime,1,3,5,10,100,healthy,true
onboarding,changeLeadTime,2,4,5,10,100,healthy,true
onboarding,changeLeadTime,3,4,5,10,100,healthy,true
onboarding,changeLeadTime,4,5,5,10,100,healthy,true
onboarding,changeLeadTime,5,6,5,10,90,healthy,true
onboarding,changeLeadTime,6,6,5,10,90,healthy,true
onboarding,applications,1,0,12,24,100,healthy,false
onboarding,applications,2,0,12,24,100,healthy,false
onboarding,applications,3,0,12,24,100,healthy,false
onboarding,applications,4,2,12,24,100,healthy,false
onboarding,applications,5,3,12,24,100,healthy,false
onboarding,applications,6,5,12,24,100,healthy,false
onboarding,infraFootprint,1,123,60,120,48,act,true
onboarding,infraFootprint,2,116,60,120,53,act,true
onboarding,infraFootprint,3,114,60,120,55,act,true
onboarding,infraFootprint,4,112,60,120,57,act,true
onboarding,infraFootprint,5,99,60,120,68,watch,true
onboarding,infraFootprint,6,93,60,120,73,watch,true
onboarding,currency,1,88,90,30,93,healthy,true
onboarding,currency,2,88,90,30,93,healthy,true
onboarding,currency,3,86,90,30,87,healthy,true
onboarding,currency,4,84,90,30,80,healthy,true
onboarding,currency,5,82,90,30,73,watch,true
onboarding,currency,6,81,90,30,70,watch,true
onboarding,cloudMigration,1,56,70,30,53,act,true
onboarding,cloudMigration,2,57,70,30,57,act,true
onboarding,cloudMigration,3,59,70,30,63,watch,true
onboarding,cloudMigration,4,62,70,30,73,watch,true
onboarding,cloudMigration,5,63,70,30,77,watch,true
onboarding,cloudMigration,6,64,70,30,80,healthy,true
onboarding,endOfSupport,1,0,5,10,100,healthy,true
onboarding,endOfSupport,2,1,5,10,100,healthy,true
onboarding,endOfSupport,3,2,5,10,100,healthy,true
onboarding,endOfSupport,4,2,5,10,100,healthy,true
onboarding,endOfSupport,5,3,5,10,100,healthy,true
onboarding,endOfSupport,6,3,5,10,100,healthy,true
onboarding,auditActions,1,4,2,5,60,watch,true
onboarding,auditActions,2,4,2,5,60,watch,true
onboarding,auditActions,3,4,2,5,60,watch,true
onboarding,auditActions,4,4,2,5,60,watch,true
onboarding,auditActions,5,3,2,5,80,healthy,true
onboarding,auditActions,6,3,2,5,80,healthy,true
onboarding,regActions,1,3,1,5,60,watch,true
onboarding,regActions,2,2,1,5,80,healthy,true
onboarding,regActions,3,2,1,5,80,healthy,true
onboarding,regActions,4,1,1,5,100,healthy,true
onboarding,regActions,5,1,1,5,100,healthy,true
onboarding,regActions,6,1,1,5,100,healthy,true
onboarding,overdueActions,1,0,0,5,100,healthy,true
onboarding,overdueActions,2,0,0,5,100,healthy,true
onboarding,overdueActions,3,0,0,5,100,healthy,true
onboarding,overdueActions,4,0,0,5,100,healthy,true
onboarding,overdueActions,5,1,0,5,80,healthy,true
onboarding,overdueActions,6,1,0,5,80,healthy,true
onboarding,milestones,1,3,6,12,100,healthy,false
onboarding,milestones,2,5,6,12,100,healthy,false
onboarding,milestones,3,4,6,12,100,healthy,false
onboarding,milestones,4,5,6,12,100,healthy,false
onboarding,milestones,5,6,6,12,100,healthy,false
onboarding,milestones,6,7,6,12,92,healthy,false
onboarding,roadmapHealth,1,95,85,30,100,healthy,true
onboarding,roadmapHealth,2,93,85,30,100,healthy,true
onboarding,roadmapHealth,3,91,85,30,100,healthy,true
onboarding,roadmapHealth,4,90,85,30,100,healthy,true
onboarding,roadmapHealth,5,88,85,30,100,healthy,true
onboarding,roadmapHealth,6,87,85,30,100,healthy,true
onboarding,commitmentsAtRisk,1,0,1,5,100,healthy,true
onboarding,commitmentsAtRisk,2,0,1,5,100,healthy,true
onboarding,commitmentsAtRisk,3,0,1,5,100,healthy,true
onboarding,commitmentsAtRisk,4,0,1,5,100,healthy,true
onboarding,commitmentsAtRisk,5,1,1,5,100,healthy,true
onboarding,commitmentsAtRisk,6,1,1,5,100,healthy,true
onboarding,vacancies,1,0,1,5,100,healthy,true
onboarding,vacancies,2,0,1,5,100,healthy,true
onboarding,vacancies,3,0,1,5,100,healthy,true
onboarding,vacancies,4,0,1,5,100,healthy,true
onboarding,vacancies,5,1,1,5,100,healthy,true
onboarding,vacancies,6,1,1,5,100,healthy,true
onboarding,skillsRisks,1,1,1,5,100,healthy,true
onboarding,skillsRisks,2,1,1,5,100,healthy,true
onboarding,skillsRisks,3,1,1,5,100,healthy,true
onboarding,skillsRisks,4,1,1,5,100,healthy,true
onboarding,skillsRisks,5,2,1,5,80,healthy,true
onboarding,skillsRisks,6,2,1,5,80,healthy,true
onboarding,contractorDependency,1,14,20,20,100,healthy,true
onboarding,contractorDependency,2,16,20,20,100,healthy,true
onboarding,contractorDependency,3,17,20,20,100,healthy,true
onboarding,contractorDependency,4,19,20,20,100,healthy,true
onboarding,contractorDependency,5,19,20,20,100,healthy,true
onboarding,contractorDependency,6,20,20,20,100,healthy,true
onboarding,runCostVsBudget,1,99,100,20,100,healthy,true
onboarding,runCostVsBudget,2,100,100,20,100,healthy,true
onboarding,runCostVsBudget,3,102,100,20,90,healthy,true
onboarding,runCostVsBudget,4,102,100,20,90,healthy,true
onboarding,runCostVsBudget,5,104,100,20,80,healthy,true
onboarding,runCostVsBudget,6,105,100,20,75,watch,true
onboarding,cloudSpendTrend,1,-7,3,20,100,healthy,true
onboarding,cloudSpendTrend,2,-5,3,20,100,healthy,true
onboarding,cloudSpendTrend,3,-4,3,20,100,healthy,true
onboarding,cloudSpendTrend,4,-4,3,20,100,healthy,true
onboarding,cloudSpendTrend,5,-2,3,20,100,healthy,true
onboarding,cloudSpendTrend,6,-1,3,20,100,healthy,true
onboarding,orphanedSpend,1,400,5000,10000,100,healthy,true
onboarding,orphanedSpend,2,1000,5000,10000,100,healthy,true
onboarding,orphanedSpend,3,1700,5000,10000,100,healthy,true
onboarding,orphanedSpend,4,2600,5000,10000,100,healthy,true
onboarding,orphanedSpend,5,3400,5000,10000,100,healthy,true
onboarding,orphanedSpend,6,3600,5000,10000,100,healthy,true
onboarding,sloAttainment,1,100,99,30,100,healthy,true
onboarding,sloAttainment,2,100,99,30,100,healthy,true
onboarding,sloAttainment,3,100,99,30,100,healthy,true
onboarding,sloAttainment,4,100,99,30,100,healthy,true
onboarding,sloAttainment,5,100,99,30,100,healthy,true
onboarding,sloAttainment,6,100,99,30,100,healthy,true
onboarding,monitoringCoverage,1,100,90,30,100,healthy,true
onboarding,monitoringCoverage,2,100,90,30,100,healthy,true
onboarding,monitoringCoverage,3,98,90,30,100,healthy,true
onboarding,monitoringCoverage,4,97,90,30,100,healthy,true
onboarding,monitoringCoverage,5,96,90,30,100,healthy,true
onboarding,monitoringCoverage,6,94,90,30,100,healthy,true
onboarding,alertNoise,1,71,70,30,100,healthy,true
onboarding,alertNoise,2,70,70,30,100,healthy,true
onboarding,alertNoise,3,68,70,30,93,healthy,true
onboarding,alertNoise,4,67,70,30,90,healthy,true
onboarding,alertNoise,5,65,70,30,83,healthy,true
onboarding,alertNoise,6,63,70,30,77,watch,true
contact,openSncs,1,19,6,12,0,act,true
contact,openSncs,2,17,6,12,8,act,true
contact,openSncs,3,16,6,12,17,act,true
contact,openSncs,4,15,6,12,25,act,true
contact,openSncs,5,14,6,12,33,act,true
contact,openSncs,6,13,6,12,42,act,true
contact,sncAge,1,23,14,28,68,watch,true
contact,sncAge,2,26,14,28,57,act,true
contact,sncAge,3,28,14,28,50,act,true
contact,sncAge,4,31,14,28,39,act,true
contact,sncAge,5,33,14,28,32,act,true
contact,sncAge,6,36,14,28,21,act,true
contact,repeatSncs,1,12,10,20,90,healthy,true
contact,repeatSncs,2,15,10,20,75,watch,true
contact,repeatSncs,3,15,10,20,75,watch,true
contact,repeatSncs,4,17,10,20,65,watch,true
contact,repeatSncs,5,18,10,20,60,watch,true
contact,repeatSncs,6,21,10,20,45,act,true
contact,p1p2Incidents,1,10,6,12,67,watch,true
contact,p1p2Incidents,2,11,6,12,58,act,true
contact,p1p2Incidents,3,12,6,12,50,act,true
contact,p1p2Incidents,4,13,6,12,42,act,true
contact,p1p2Incidents,5,14,6,12,33,act,true
contact,p1p2Incidents,6,15,6,12,25,act,true
contact,majorIncidents,1,2,1,5,80,healthy,true
contact,majorIncidents,2,2,1,5,80,healthy,true
contact,majorIncidents,3,3,1,5,60,watch,true
contact,majorIncidents,4,3,1,5,60,watch,true
contact,majorIncidents,5,3,1,5,60,watch,true
contact,majorIncidents,6,4,1,5,40,act,true
contact,mttr,1,4,4,8,100,healthy,true
contact,mttr,2,5,4,8,88,healthy,true
contact,mttr,3,6,4,8,75,watch,true
contact,mttr,4,7,4,8,63,watch,true
contact,mttr,5,8,4,8,50,act,true
contact,mttr,6,8,4,8,50,act,true
contact,repeatIncidents,1,26,10,20,20,act,true
contact,repeatIncidents,2,25,10,20,25,act,true
contact,repeatIncidents,3,23,10,20,35,act,true
contact,repeatIncidents,4,22,10,20,40,act,true
contact,repeatIncidents,5,19,10,20,55,act,true
contact,repeatIncidents,6,18,10,20,60,watch,true
contact,incidentBacklog,1,16,5,10,0,act,true
contact,incidentBacklog,2,16,5,10,0,act,true
contact,incidentBacklog,3,15,5,10,0,act,true
contact,incidentBacklog,4,14,5,10,10,act,true
contact,incidentBacklog,5,13,5,10,20,act,true
contact,incidentBacklog,6,12,5,10,30,act,true
contact,openProblems,1,7,8,16,100,healthy,true
contact,openProblems,2,8,8,16,100,healthy,true
contact,openProblems,3,9,8,16,94,healthy,true
contact,openProblems,4,10,8,16,88,healthy,true
contact,openProblems,5,12,8,16,75,watch,true
contact,openProblems,6,13,8,16,69,watch,true
contact,rcaOverdue,1,0,0,5,100,healthy,true
contact,rcaOverdue,2,1,0,5,80,healthy,true
contact,rcaOverdue,3,1,0,5,80,healthy,true
contact,rcaOverdue,4,1,0,5,80,healthy,true
contact,rcaOverdue,5,1,0,5,80,healthy,true
contact,rcaOverdue,6,2,0,5,60,watch,true
contact,knownErrors,1,25,10,20,25,act,true
contact,knownErrors,2,23,10,20,35,act,true
contact,knownErrors,3,20,10,20,50,act,true
contact,knownErrors,4,20,10,20,50,act,true
contact,knownErrors,5,18,10,20,60,watch,true
contact,knownErrors,6,16,10,20,70,watch,true
contact,problemAge,1,32,30,60,97,healthy,true
contact,problemAge,2,37,30,60,88,healthy,true
contact,problemAge,3,43,30,60,78,watch,true
contact,problemAge,4,47,30,60,72,watch,true
contact,problemAge,5,52,30,60,63,watch,true
contact,problemAge,6,55,30,60,58,act,true
contact,problemLinkage,1,73,80,30,77,watch,true
contact,problemLinkage,2,70,80,30,67,watch,true
contact,problemLinkage,3,70,80,30,67,watch,true
contact,problemLinkage,4,67,80,30,57,act,true
contact,problemLinkage,5,63,80,30,43,act,true
contact,problemLinkage,6,62,80,30,40,act,true
contact,serviceMaturity,1,2.275,4,4,57,act,true
contact,serviceMaturity,2,2.325,4,4,58,act,true
contact,serviceMaturity,3,2.55,4,4,64,watch,true
contact,serviceMaturity,4,2.5250000000000004,4,4,63,watch,true
contact,serviceMaturity,5,2.6750000000000003,4,4,67,watch,true
contact,serviceMaturity,6,2.7750000000000004,4,4,69,watch,true
contact,triageMaturity,1,2.5,4,4,63,watch,true
contact,triageMaturity,2,2.6,4,4,65,watch,true
contact,triageMaturity,3,2.9,4,4,73,watch,true
contact,triageMaturity,4,2.9,4,4,73,watch,true
contact,triageMaturity,5,2.9,4,4,73,watch,true
contact,triageMaturity,6,3.1,4,4,78,watch,true
contact,incidentMaturity,1,2.4,4,4,60,watch,true
contact,incidentMaturity,2,2.3,4,4,57,act,true
contact,incidentMaturity,3,2.5,4,4,63,watch,true
contact,incidentMaturity,4,2.5,4,4,63,watch,true
contact,incidentMaturity,5,2.6,4,4,65,watch,true
contact,incidentMaturity,6,2.7,4,4,68,watch,true
contact,recoveryMaturity,1,2.3,4,4,57,act,true
contact,recoveryMaturity,2,2.4,4,4,60,watch,true
contact,recoveryMaturity,3,2.6,4,4,65,watch,true
contact,recoveryMaturity,4,2.5,4,4,63,watch,true
contact,recoveryMaturity,5,2.8,4,4,70,watch,true
contact,recoveryMaturity,6,2.8,4,4,70,watch,true
contact,resolutionMaturity,1,1.9,4,4,48,act,true
contact,resolutionMaturity,2,2,4,4,50,act,true
contact,resolutionMaturity,3,2.2,4,4,55,act,true
contact,resolutionMaturity,4,2.2,4,4,55,act,true
contact,resolutionMaturity,5,2.4,4,4,60,watch,true
contact,resolutionMaturity,6,2.5,4,4,63,watch,true
contact,runbookCoverage,1,85,90,30,83,healthy,true
contact,runbookCoverage,2,82,90,30,73,watch,true
contact,runbookCoverage,3,80,90,30,67,watch,true
contact,runbookCoverage,4,76,90,30,53,act,true
contact,runbookCoverage,5,73,90,30,43,act,true
contact,runbookCoverage,6,72,90,30,40,act,true
contact,mtta,1,14,15,30,100,healthy,true
contact,mtta,2,15,15,30,100,healthy,true
contact,mtta,3,18,15,30,90,healthy,true
contact,mtta,4,21,15,30,80,healthy,true
contact,mtta,5,23,15,30,73,watch,true
contact,mtta,6,25,15,30,67,watch,true
contact,techDebt,1,23,25,50,100,healthy,true
contact,techDebt,2,30,25,50,90,healthy,true
contact,techDebt,3,33,25,50,84,healthy,true
contact,techDebt,4,37,25,50,76,watch,true
contact,techDebt,5,40,25,50,70,watch,true
contact,techDebt,6,45,25,50,60,watch,true
contact,archExceptions,1,4,2,5,60,watch,true
contact,archExceptions,2,4,2,5,60,watch,true
contact,archExceptions,3,5,2,5,40,act,true
contact,archExceptions,4,5,2,5,40,act,true
contact,archExceptions,5,6,2,5,20,act,true
contact,archExceptions,6,6,2,5,20,act,true
contact,strategicAlignment,1,78,80,30,93,healthy,true
contact,strategicAlignment,2,77,80,30,90,healthy,true
contact,strategicAlignment,3,74,80,30,80,healthy,true
contact,strategicAlignment,4,72,80,30,73,watch,true
contact,strategicAlignment,5,69,80,30,63,watch,true
contact,strategicAlignment,6,66,80,30,53,act,true
contact,brams,1,6,2,5,20,act,true
contact,brams,2,6,2,5,20,act,true
contact,brams,3,5,2,5,40,act,true
contact,brams,4,5,2,5,40,act,true
contact,brams,5,4,2,5,60,watch,true
contact,brams,6,4,2,5,60,watch,true
contact,techRisks,1,8,5,10,70,watch,true
contact,techRisks,2,8,5,10,70,watch,true
contact,techRisks,3,9,5,10,60,watch,true
contact,techRisks,4,10,5,10,50,act,true
contact,techRisks,5,11,5,10,40,act,true
contact,techRisks,6,12,5,10,30,act,true
contact,riskTrend,1,0,0,5,100,healthy,true
contact,riskTrend,2,0,0,5,100,healthy,true
contact,riskTrend,3,0,0,5,100,healthy,true
contact,riskTrend,4,0,0,5,100,healthy,true
contact,riskTrend,5,0,0,5,100,healthy,true
contact,riskTrend,6,1,0,5,80,healthy,true
contact,vulns,1,10,15,30,100,healthy,true
contact,vulns,2,12,15,30,100,healthy,true
contact,vulns,3,18,15,30,90,healthy,true
contact,vulns,4,19,15,30,87,healthy,true
contact,vulns,5,22,15,30,77,watch,true
contact,vulns,6,24,15,30,70,watch,true
contact,patchCompliance,1,67,95,30,7,act,true
contact,patchCompliance,2,71,95,30,20,act,true
contact,patchCompliance,3,74,95,30,30,act,true
contact,patchCompliance,4,74,95,30,30,act,true
contact,patchCompliance,5,78,95,30,43,act,true
contact,patchCompliance,6,80,95,30,50,act,true
contact,criticalFindings,1,1,0,5,80,healthy,true
contact,criticalFindings,2,1,0,5,80,healthy,true
contact,criticalFindings,3,2,0,5,60,watch,true
contact,criticalFindings,4,2,0,5,60,watch,true
contact,criticalFindings,5,3,0,5,40,act,true
contact,criticalFindings,6,3,0,5,40,act,true
contact,drCompliance,1,54,90,30,0,act,true
contact,drCompliance,2,56,90,30,0,act,true
contact,drCompliance,3,61,90,30,3,act,true
contact,drCompliance,4,63,90,30,10,act,true
contact,drCompliance,5,63,90,30,10,act,true
contact,drCompliance,6,67,90,30,23,act,true
contact,resilienceActions,1,10,3,6,0,act,true
contact,resilienceActions,2,9,3,6,0,act,true
contact,resilienceActions,3,9,3,6,0,act,true
contact,resilienceActions,4,8,3,6,17,act,true
contact,resilienceActions,5,8,3,6,17,act,true
contact,resilienceActions,6,7,3,6,33,act,true
contact,controlHealth,1,57,90,30,0,act,true
contact,controlHealth,2,62,90,30,7,act,true
contact,controlHealth,3,62,90,30,7,act,true
contact,controlHealth,4,66,90,30,20,act,true
contact,controlHealth,5,69,90,30,30,act,true
contact,controlHealth,6,71,90,30,37,act,true
contact,failedChanges,1,2,2,5,100,healthy,true
contact,failedChanges,2,2,2,5,100,healthy,true
contact,failedChanges,3,3,2,5,80,healthy,true
contact,failedChanges,4,3,2,5,80,healthy,true
contact,failedChanges,5,4,2,5,60,watch,true
contact,failedChanges,6,4,2,5,60,watch,true
contact,changeSuccess,1,84,95,30,63,watch,true
contact,changeSuccess,2,82,95,30,57,act,true
contact,changeSuccess,3,80,95,30,50,act,true
contact,changeSuccess,4,79,95,30,47,act,true
contact,changeSuccess,5,77,95,30,40,act,true
contact,changeSuccess,6,73,95,30,27,act,true
contact,releases,1,8,8,8,100,healthy,true
contact,releases,2,6,8,8,75,watch,true
contact,releases,3,6,8,8,75,watch,true
contact,releases,4,5,8,8,63,watch,true
contact,releases,5,4,8,8,50,act,true
contact,releases,6,4,8,8,50,act,true
contact,emergencyChanges,1,7,5,20,90,healthy,true
contact,emergencyChanges,2,9,5,20,80,healthy,true
contact,emergencyChanges,3,11,5,20,70,watch,true
contact,emergencyChanges,4,13,5,20,60,watch,true
contact,emergencyChanges,5,15,5,20,50,act,true
contact,emergencyChanges,6,16,5,20,45,act,true
contact,changeLeadTime,1,4,5,10,100,healthy,true
contact,changeLeadTime,2,4,5,10,100,healthy,true
contact,changeLeadTime,3,6,5,10,90,healthy,true
contact,changeLeadTime,4,6,5,10,90,healthy,true
contact,changeLeadTime,5,7,5,10,80,healthy,true
contact,changeLeadTime,6,8,5,10,70,watch,true
contact,applications,1,19,12,24,71,watch,false
contact,applications,2,16,12,24,83,healthy,false
contact,applications,3,15,12,24,88,healthy,false
contact,applications,4,14,12,24,92,healthy,false
contact,applications,5,11,12,24,100,healthy,false
contact,applications,6,9,12,24,100,healthy,false
contact,infraFootprint,1,91,60,120,74,watch,true
contact,infraFootprint,2,103,60,120,64,watch,true
contact,infraFootprint,3,111,60,120,58,act,true
contact,infraFootprint,4,124,60,120,47,act,true
contact,infraFootprint,5,135,60,120,38,act,true
contact,infraFootprint,6,144,60,120,30,act,true
contact,currency,1,88,90,30,93,healthy,true
contact,currency,2,86,90,30,87,healthy,true
contact,currency,3,84,90,30,80,healthy,true
contact,currency,4,80,90,30,67,watch,true
contact,currency,5,78,90,30,60,watch,true
contact,currency,6,75,90,30,50,act,true
contact,cloudMigration,1,66,70,30,87,healthy,true
contact,cloudMigration,2,64,70,30,80,healthy,true
contact,cloudMigration,3,60,70,30,67,watch,true
contact,cloudMigration,4,60,70,30,67,watch,true
contact,cloudMigration,5,56,70,30,53,act,true
contact,cloudMigration,6,54,70,30,47,act,true
contact,endOfSupport,1,16,5,10,0,act,true
contact,endOfSupport,2,15,5,10,0,act,true
contact,endOfSupport,3,15,5,10,0,act,true
contact,endOfSupport,4,14,5,10,10,act,true
contact,endOfSupport,5,12,5,10,30,act,true
contact,endOfSupport,6,12,5,10,30,act,true
contact,auditActions,1,8,2,5,0,act,true
contact,auditActions,2,8,2,5,0,act,true
contact,auditActions,3,7,2,5,0,act,true
contact,auditActions,4,7,2,5,0,act,true
contact,auditActions,5,6,2,5,20,act,true
contact,auditActions,6,6,2,5,20,act,true
contact,regActions,1,3,1,5,60,watch,true
contact,regActions,2,3,1,5,60,watch,true
contact,regActions,3,4,1,5,40,act,true
contact,regActions,4,4,1,5,40,act,true
contact,regActions,5,5,1,5,20,act,true
contact,regActions,6,5,1,5,20,act,true
contact,overdueActions,1,0,0,5,100,healthy,true
contact,overdueActions,2,0,0,5,100,healthy,true
contact,overdueActions,3,1,0,5,80,healthy,true
contact,overdueActions,4,1,0,5,80,healthy,true
contact,overdueActions,5,2,0,5,60,watch,true
contact,overdueActions,6,2,0,5,60,watch,true
contact,milestones,1,12,6,12,50,act,false
contact,milestones,2,11,6,12,58,act,false
contact,milestones,3,10,6,12,67,watch,false
contact,milestones,4,9,6,12,75,watch,false
contact,milestones,5,8,6,12,83,healthy,false
contact,milestones,6,7,6,12,92,healthy,false
contact,roadmapHealth,1,74,85,30,63,watch,true
contact,roadmapHealth,2,72,85,30,57,act,true
contact,roadmapHealth,3,68,85,30,43,act,true
contact,roadmapHealth,4,66,85,30,37,act,true
contact,roadmapHealth,5,63,85,30,27,act,true
contact,roadmapHealth,6,62,85,30,23,act,true
contact,commitmentsAtRisk,1,3,1,5,60,watch,true
contact,commitmentsAtRisk,2,3,1,5,60,watch,true
contact,commitmentsAtRisk,3,4,1,5,40,act,true
contact,commitmentsAtRisk,4,4,1,5,40,act,true
contact,commitmentsAtRisk,5,5,1,5,20,act,true
contact,commitmentsAtRisk,6,5,1,5,20,act,true
contact,vacancies,1,2,1,5,80,healthy,true
contact,vacancies,2,2,1,5,80,healthy,true
contact,vacancies,3,3,1,5,60,watch,true
contact,vacancies,4,3,1,5,60,watch,true
contact,vacancies,5,4,1,5,40,act,true
contact,vacancies,6,4,1,5,40,act,true
contact,skillsRisks,1,5,1,5,20,act,true
contact,skillsRisks,2,5,1,5,20,act,true
contact,skillsRisks,3,4,1,5,40,act,true
contact,skillsRisks,4,4,1,5,40,act,true
contact,skillsRisks,5,3,1,5,60,watch,true
contact,skillsRisks,6,3,1,5,60,watch,true
contact,contractorDependency,1,27,20,20,65,watch,true
contact,contractorDependency,2,28,20,20,60,watch,true
contact,contractorDependency,3,30,20,20,50,act,true
contact,contractorDependency,4,32,20,20,40,act,true
contact,contractorDependency,5,34,20,20,30,act,true
contact,contractorDependency,6,35,20,20,25,act,true
contact,runCostVsBudget,1,98,100,20,100,healthy,true
contact,runCostVsBudget,2,100,100,20,100,healthy,true
contact,runCostVsBudget,3,102,100,20,90,healthy,true
contact,runCostVsBudget,4,103,100,20,85,healthy,true
contact,runCostVsBudget,5,106,100,20,70,watch,true
contact,runCostVsBudget,6,107,100,20,65,watch,true
contact,cloudSpendTrend,1,6,3,20,85,healthy,true
contact,cloudSpendTrend,2,7,3,20,80,healthy,true
contact,cloudSpendTrend,3,9,3,20,70,watch,true
contact,cloudSpendTrend,4,11,3,20,60,watch,true
contact,cloudSpendTrend,5,13,3,20,50,act,true
contact,cloudSpendTrend,6,14,3,20,45,act,true
contact,orphanedSpend,1,6000,5000,10000,90,healthy,true
contact,orphanedSpend,2,6600,5000,10000,84,healthy,true
contact,orphanedSpend,3,7300,5000,10000,77,watch,true
contact,orphanedSpend,4,8100,5000,10000,69,watch,true
contact,orphanedSpend,5,9700,5000,10000,53,act,true
contact,orphanedSpend,6,10200,5000,10000,48,act,true
contact,sloAttainment,1,70,99,30,3,act,true
contact,sloAttainment,2,72,99,30,10,act,true
contact,sloAttainment,3,75,99,30,20,act,true
contact,sloAttainment,4,77,99,30,27,act,true
contact,sloAttainment,5,79,99,30,33,act,true
contact,sloAttainment,6,83,99,30,47,act,true
contact,monitoringCoverage,1,53,90,30,0,act,true
contact,monitoringCoverage,2,54,90,30,0,act,true
contact,monitoringCoverage,3,58,90,30,0,act,true
contact,monitoringCoverage,4,60,90,30,0,act,true
contact,monitoringCoverage,5,63,90,30,10,act,true
contact,monitoringCoverage,6,65,90,30,17,act,true
contact,alertNoise,1,69,70,30,97,healthy,true
contact,alertNoise,2,65,70,30,83,healthy,true
contact,alertNoise,3,63,70,30,77,watch,true
contact,alertNoise,4,62,70,30,73,watch,true
contact,alertNoise,5,57,70,30,57,act,true
contact,alertNoise,6,55,70,30,50,act,true
automation,openSncs,1,4,6,12,100,healthy,true
automation,openSncs,2,5,6,12,100,healthy,true
automation,openSncs,3,6,6,12,100,healthy,true
automation,openSncs,4,5,6,12,100,healthy,true
automation,openSncs,5,7,6,12,92,healthy,true
automation,openSncs,6,7,6,12,92,healthy,true
automation,sncAge,1,21,14,28,75,watch,true
automation,sncAge,2,19,14,28,82,healthy,true
automation,sncAge,3,20,14,28,79,watch,true
automation,sncAge,4,17,14,28,89,healthy,true
automation,sncAge,5,16,14,28,93,healthy,true
automation,sncAge,6,14,14,28,100,healthy,true
automation,repeatSncs,1,8,10,20,100,healthy,true
automation,repeatSncs,2,9,10,20,100,healthy,true
automation,repeatSncs,3,7,10,20,100,healthy,true
automation,repeatSncs,4,7,10,20,100,healthy,true
automation,repeatSncs,5,6,10,20,100,healthy,true
automation,repeatSncs,6,4,10,20,100,healthy,true
automation,p1p2Incidents,1,1,6,12,100,healthy,true
automation,p1p2Incidents,2,3,6,12,100,healthy,true
automation,p1p2Incidents,3,3,6,12,100,healthy,true
automation,p1p2Incidents,4,4,6,12,100,healthy,true
automation,p1p2Incidents,5,4,6,12,100,healthy,true
automation,p1p2Incidents,6,5,6,12,100,healthy,true
automation,majorIncidents,1,0,1,5,100,healthy,true
automation,majorIncidents,2,0,1,5,100,healthy,true
automation,majorIncidents,3,0,1,5,100,healthy,true
automation,majorIncidents,4,0,1,5,100,healthy,true
automation,majorIncidents,5,0,1,5,100,healthy,true
automation,majorIncidents,6,0,1,5,100,healthy,true
automation,mttr,1,2,4,8,100,healthy,true
automation,mttr,2,3,4,8,100,healthy,true
automation,mttr,3,2,4,8,100,healthy,true
automation,mttr,4,3,4,8,100,healthy,true
automation,mttr,5,3,4,8,100,healthy,true
automation,mttr,6,4,4,8,100,healthy,true
automation,repeatIncidents,1,21,10,20,45,act,true
automation,repeatIncidents,2,20,10,20,50,act,true
automation,repeatIncidents,3,18,10,20,60,watch,true
automation,repeatIncidents,4,18,10,20,60,watch,true
automation,repeatIncidents,5,16,10,20,70,watch,true
automation,repeatIncidents,6,15,10,20,75,watch,true
automation,incidentBacklog,1,11,5,10,40,act,true
automation,incidentBacklog,2,10,5,10,50,act,true
automation,incidentBacklog,3,10,5,10,50,act,true
automation,incidentBacklog,4,10,5,10,50,act,true
automation,incidentBacklog,5,8,5,10,70,watch,true
automation,incidentBacklog,6,8,5,10,70,watch,true
automation,openProblems,1,0,8,16,100,healthy,true
automation,openProblems,2,0,8,16,100,healthy,true
automation,openProblems,3,0,8,16,100,healthy,true
automation,openProblems,4,2,8,16,100,healthy,true
automation,openProblems,5,3,8,16,100,healthy,true
automation,openProblems,6,3,8,16,100,healthy,true
automation,rcaOverdue,1,0,0,5,100,healthy,true
automation,rcaOverdue,2,0,0,5,100,healthy,true
automation,rcaOverdue,3,0,0,5,100,healthy,true
automation,rcaOverdue,4,0,0,5,100,healthy,true
automation,rcaOverdue,5,0,0,5,100,healthy,true
automation,rcaOverdue,6,0,0,5,100,healthy,true
automation,knownErrors,1,10,10,20,100,healthy,true
automation,knownErrors,2,10,10,20,100,healthy,true
automation,knownErrors,3,9,10,20,100,healthy,true
automation,knownErrors,4,7,10,20,100,healthy,true
automation,knownErrors,5,6,10,20,100,healthy,true
automation,knownErrors,6,6,10,20,100,healthy,true
automation,problemAge,1,7,30,60,100,healthy,true
automation,problemAge,2,8,30,60,100,healthy,true
automation,problemAge,3,16,30,60,100,healthy,true
automation,problemAge,4,14,30,60,100,healthy,true
automation,problemAge,5,17,30,60,100,healthy,true
automation,problemAge,6,21,30,60,100,healthy,true
automation,problemLinkage,1,86,80,30,100,healthy,true
automation,problemLinkage,2,89,80,30,100,healthy,true
automation,problemLinkage,3,88,80,30,100,healthy,true
automation,problemLinkage,4,90,80,30,100,healthy,true
automation,problemLinkage,5,91,80,30,100,healthy,true
automation,problemLinkage,6,93,80,30,100,healthy,true
automation,serviceMaturity,1,4.2,4,4,100,healthy,true
automation,serviceMaturity,2,4.225,4,4,100,healthy,true
automation,serviceMaturity,3,4.25,4,4,100,healthy,true
automation,serviceMaturity,4,4.25,4,4,100,healthy,true
automation,serviceMaturity,5,4.35,4,4,100,healthy,true
automation,serviceMaturity,6,4.375,4,4,100,healthy,true
automation,triageMaturity,1,4,4,4,100,healthy,true
automation,triageMaturity,2,4.2,4,4,100,healthy,true
automation,triageMaturity,3,4.2,4,4,100,healthy,true
automation,triageMaturity,4,4.3,4,4,100,healthy,true
automation,triageMaturity,5,4.5,4,4,100,healthy,true
automation,triageMaturity,6,4.6,4,4,100,healthy,true
automation,incidentMaturity,1,4.8,4,4,100,healthy,true
automation,incidentMaturity,2,4.7,4,4,100,healthy,true
automation,incidentMaturity,3,4.5,4,4,100,healthy,true
automation,incidentMaturity,4,4.5,4,4,100,healthy,true
automation,incidentMaturity,5,4.5,4,4,100,healthy,true
automation,incidentMaturity,6,4.4,4,4,100,healthy,true
automation,recoveryMaturity,1,4,4,4,100,healthy,true
automation,recoveryMaturity,2,4.1,4,4,100,healthy,true
automation,recoveryMaturity,3,4.2,4,4,100,healthy,true
automation,recoveryMaturity,4,4.1,4,4,100,healthy,true
automation,recoveryMaturity,5,4.3,4,4,100,healthy,true
automation,recoveryMaturity,6,4.3,4,4,100,healthy,true
automation,resolutionMaturity,1,4,4,4,100,healthy,true
automation,resolutionMaturity,2,3.9,4,4,98,healthy,true
automation,resolutionMaturity,3,4.1,4,4,100,healthy,true
automation,resolutionMaturity,4,4.1,4,4,100,healthy,true
automation,resolutionMaturity,5,4.1,4,4,100,healthy,true
automation,resolutionMaturity,6,4.2,4,4,100,healthy,true
automation,runbookCoverage,1,100,90,30,100,healthy,true
automation,runbookCoverage,2,100,90,30,100,healthy,true
automation,runbookCoverage,3,100,90,30,100,healthy,true
automation,runbookCoverage,4,100,90,30,100,healthy,true
automation,runbookCoverage,5,100,90,30,100,healthy,true
automation,runbookCoverage,6,98,90,30,100,healthy,true
automation,mtta,1,2,15,30,100,healthy,true
automation,mtta,2,3,15,30,100,healthy,true
automation,mtta,3,4,15,30,100,healthy,true
automation,mtta,4,6,15,30,100,healthy,true
automation,mtta,5,9,15,30,100,healthy,true
automation,mtta,6,9,15,30,100,healthy,true
automation,techDebt,1,0,25,50,100,healthy,true
automation,techDebt,2,0,25,50,100,healthy,true
automation,techDebt,3,0,25,50,100,healthy,true
automation,techDebt,4,6,25,50,100,healthy,true
automation,techDebt,5,7,25,50,100,healthy,true
automation,techDebt,6,9,25,50,100,healthy,true
automation,archExceptions,1,0,2,5,100,healthy,true
automation,archExceptions,2,0,2,5,100,healthy,true
automation,archExceptions,3,0,2,5,100,healthy,true
automation,archExceptions,4,0,2,5,100,healthy,true
automation,archExceptions,5,1,2,5,100,healthy,true
automation,archExceptions,6,1,2,5,100,healthy,true
automation,strategicAlignment,1,74,80,30,80,healthy,true
automation,strategicAlignment,2,76,80,30,87,healthy,true
automation,strategicAlignment,3,75,80,30,83,healthy,true
automation,strategicAlignment,4,78,80,30,93,healthy,true
automation,strategicAlignment,5,79,80,30,97,healthy,true
automation,strategicAlignment,6,81,80,30,100,healthy,true
automation,brams,1,1,2,5,100,healthy,true
automation,brams,2,1,2,5,100,healthy,true
automation,brams,3,1,2,5,100,healthy,true
automation,brams,4,1,2,5,100,healthy,true
automation,brams,5,2,2,5,100,healthy,true
automation,brams,6,2,2,5,100,healthy,true
automation,techRisks,1,4,5,10,100,healthy,true
automation,techRisks,2,5,5,10,100,healthy,true
automation,techRisks,3,6,5,10,90,healthy,true
automation,techRisks,4,6,5,10,90,healthy,true
automation,techRisks,5,7,5,10,80,healthy,true
automation,techRisks,6,7,5,10,80,healthy,true
automation,riskTrend,1,2,0,5,60,watch,true
automation,riskTrend,2,2,0,5,60,watch,true
automation,riskTrend,3,2,0,5,60,watch,true
automation,riskTrend,4,2,0,5,60,watch,true
automation,riskTrend,5,1,0,5,80,healthy,true
automation,riskTrend,6,1,0,5,80,healthy,true
automation,vulns,1,12,15,30,100,healthy,true
automation,vulns,2,12,15,30,100,healthy,true
automation,vulns,3,16,15,30,97,healthy,true
automation,vulns,4,17,15,30,93,healthy,true
automation,vulns,5,17,15,30,93,healthy,true
automation,vulns,6,20,15,30,83,healthy,true
automation,patchCompliance,1,100,95,30,100,healthy,true
automation,patchCompliance,2,98,95,30,100,healthy,true
automation,patchCompliance,3,97,95,30,100,healthy,true
automation,patchCompliance,4,96,95,30,100,healthy,true
automation,patchCompliance,5,95,95,30,100,healthy,true
automation,patchCompliance,6,93,95,30,93,healthy,true
automation,criticalFindings,1,0,0,5,100,healthy,true
automation,criticalFindings,2,0,0,5,100,healthy,true
automation,criticalFindings,3,0,0,5,100,healthy,true
automation,criticalFindings,4,1,0,5,80,healthy,true
automation,criticalFindings,5,1,0,5,80,healthy,true
automation,criticalFindings,6,1,0,5,80,healthy,true
automation,drCompliance,1,100,90,30,100,healthy,true
automation,drCompliance,2,100,90,30,100,healthy,true
automation,drCompliance,3,100,90,30,100,healthy,true
automation,drCompliance,4,100,90,30,100,healthy,true
automation,drCompliance,5,100,90,30,100,healthy,true
automation,drCompliance,6,99,90,30,100,healthy,true
automation,resilienceActions,1,0,3,6,100,healthy,true
automation,resilienceActions,2,1,3,6,100,healthy,true
automation,resilienceActions,3,1,3,6,100,healthy,true
automation,resilienceActions,4,1,3,6,100,healthy,true
automation,resilienceActions,5,2,3,6,100,healthy,true
automation,resilienceActions,6,2,3,6,100,healthy,true
automation,controlHealth,1,78,90,30,60,watch,true
automation,controlHealth,2,77,90,30,57,act,true
automation,controlHealth,3,79,90,30,63,watch,true
automation,controlHealth,4,83,90,30,77,watch,true
automation,controlHealth,5,83,90,30,77,watch,true
automation,controlHealth,6,85,90,30,83,healthy,true
automation,failedChanges,1,1,2,5,100,healthy,true
automation,failedChanges,2,1,2,5,100,healthy,true
automation,failedChanges,3,1,2,5,100,healthy,true
automation,failedChanges,4,1,2,5,100,healthy,true
automation,failedChanges,5,2,2,5,100,healthy,true
automation,failedChanges,6,2,2,5,100,healthy,true
automation,changeSuccess,1,100,95,30,100,healthy,true
automation,changeSuccess,2,100,95,30,100,healthy,true
automation,changeSuccess,3,100,95,30,100,healthy,true
automation,changeSuccess,4,100,95,30,100,healthy,true
automation,changeSuccess,5,100,95,30,100,healthy,true
automation,changeSuccess,6,100,95,30,100,healthy,true
automation,releases,1,8,8,8,100,healthy,true
automation,releases,2,7,8,8,88,healthy,true
automation,releases,3,7,8,8,88,healthy,true
automation,releases,4,7,8,8,88,healthy,true
automation,releases,5,6,8,8,75,watch,true
automation,releases,6,6,8,8,75,watch,true
automation,emergencyChanges,1,1,5,20,100,healthy,true
automation,emergencyChanges,2,2,5,20,100,healthy,true
automation,emergencyChanges,3,3,5,20,100,healthy,true
automation,emergencyChanges,4,3,5,20,100,healthy,true
automation,emergencyChanges,5,4,5,20,100,healthy,true
automation,emergencyChanges,6,6,5,20,95,healthy,true
automation,changeLeadTime,1,1,5,10,100,healthy,true
automation,changeLeadTime,2,1,5,10,100,healthy,true
automation,changeLeadTime,3,1,5,10,100,healthy,true
automation,changeLeadTime,4,2,5,10,100,healthy,true
automation,changeLeadTime,5,3,5,10,100,healthy,true
automation,changeLeadTime,6,3,5,10,100,healthy,true
automation,applications,1,2,12,24,100,healthy,false
automation,applications,2,3,12,24,100,healthy,false
automation,applications,3,4,12,24,100,healthy,false
automation,applications,4,7,12,24,100,healthy,false
automation,applications,5,8,12,24,100,healthy,false
automation,applications,6,9,12,24,100,healthy,false
automation,infraFootprint,1,9,60,120,100,healthy,true
automation,infraFootprint,2,13,60,120,100,healthy,true
automation,infraFootprint,3,15,60,120,100,healthy,true
automation,infraFootprint,4,27,60,120,100,healthy,true
automation,infraFootprint,5,29,60,120,100,healthy,true
automation,infraFootprint,6,35,60,120,100,healthy,true
automation,currency,1,99,90,30,100,healthy,true
automation,currency,2,99,90,30,100,healthy,true
automation,currency,3,96,90,30,100,healthy,true
automation,currency,4,95,90,30,100,healthy,true
automation,currency,5,95,90,30,100,healthy,true
automation,currency,6,92,90,30,100,healthy,true
automation,cloudMigration,1,78,70,30,100,healthy,true
automation,cloudMigration,2,78,70,30,100,healthy,true
automation,cloudMigration,3,74,70,30,100,healthy,true
automation,cloudMigration,4,73,70,30,100,healthy,true
automation,cloudMigration,5,71,70,30,100,healthy,true
automation,cloudMigration,6,71,70,30,100,healthy,true
automation,endOfSupport,1,7,5,10,80,healthy,true
automation,endOfSupport,2,8,5,10,70,watch,true
automation,endOfSupport,3,6,5,10,90,healthy,true
automation,endOfSupport,4,6,5,10,90,healthy,true
automation,endOfSupport,5,5,5,10,100,healthy,true
automation,endOfSupport,6,5,5,10,100,healthy,true
automation,auditActions,1,0,2,5,100,healthy,true
automation,auditActions,2,1,2,5,100,healthy,true
automation,auditActions,3,1,2,5,100,healthy,true
automation,auditActions,4,1,2,5,100,healthy,true
automation,auditActions,5,2,2,5,100,healthy,true
automation,auditActions,6,2,2,5,100,healthy,true
automation,regActions,1,0,1,5,100,healthy,true
automation,regActions,2,0,1,5,100,healthy,true
automation,regActions,3,0,1,5,100,healthy,true
automation,regActions,4,0,1,5,100,healthy,true
automation,regActions,5,1,1,5,100,healthy,true
automation,regActions,6,1,1,5,100,healthy,true
automation,overdueActions,1,2,0,5,60,watch,true
automation,overdueActions,2,2,0,5,60,watch,true
automation,overdueActions,3,2,0,5,60,watch,true
automation,overdueActions,4,1,0,5,80,healthy,true
automation,overdueActions,5,1,0,5,80,healthy,true
automation,overdueActions,6,1,0,5,80,healthy,true
automation,milestones,1,13,6,12,42,act,false
automation,milestones,2,12,6,12,50,act,false
automation,milestones,3,12,6,12,50,act,false
automation,milestones,4,11,6,12,58,act,false
automation,milestones,5,11,6,12,58,act,false
automation,milestones,6,10,6,12,67,watch,false
automation,roadmapHealth,1,100,85,30,100,healthy,true
automation,roadmapHealth,2,100,85,30,100,healthy,true
automation,roadmapHealth,3,100,85,30,100,healthy,true
automation,roadmapHealth,4,98,85,30,100,healthy,true
automation,roadmapHealth,5,95,85,30,100,healthy,true
automation,roadmapHealth,6,95,85,30,100,healthy,true
automation,commitmentsAtRisk,1,0,1,5,100,healthy,true
automation,commitmentsAtRisk,2,0,1,5,100,healthy,true
automation,commitmentsAtRisk,3,0,1,5,100,healthy,true
automation,commitmentsAtRisk,4,0,1,5,100,healthy,true
automation,commitmentsAtRisk,5,0,1,5,100,healthy,true
automation,commitmentsAtRisk,6,0,1,5,100,healthy,true
automation,vacancies,1,0,1,5,100,healthy,true
automation,vacancies,2,1,1,5,100,healthy,true
automation,vacancies,3,1,1,5,100,healthy,true
automation,vacancies,4,2,1,5,80,healthy,true
automation,vacancies,5,2,1,5,80,healthy,true
automation,vacancies,6,2,1,5,80,healthy,true
automation,skillsRisks,1,1,1,5,100,healthy,true
automation,skillsRisks,2,1,1,5,100,healthy,true
automation,skillsRisks,3,1,1,5,100,healthy,true
automation,skillsRisks,4,1,1,5,100,healthy,true
automation,skillsRisks,5,2,1,5,80,healthy,true
automation,skillsRisks,6,2,1,5,80,healthy,true
automation,contractorDependency,1,14,20,20,100,healthy,true
automation,contractorDependency,2,13,20,20,100,healthy,true
automation,contractorDependency,3,14,20,20,100,healthy,true
automation,contractorDependency,4,15,20,20,100,healthy,true
automation,contractorDependency,5,16,20,20,100,healthy,true
automation,contractorDependency,6,18,20,20,100,healthy,true
automation,runCostVsBudget,1,88,100,20,100,healthy,true
automation,runCostVsBudget,2,89,100,20,100,healthy,true
automation,runCostVsBudget,3,90,100,20,100,healthy,true
automation,runCostVsBudget,4,92,100,20,100,healthy,true
automation,runCostVsBudget,5,93,100,20,100,healthy,true
automation,runCostVsBudget,6,94,100,20,100,healthy,true
automation,cloudSpendTrend,1,9,3,20,70,watch,true
automation,cloudSpendTrend,2,7,3,20,80,healthy,true
automation,cloudSpendTrend,3,6,3,20,85,healthy,true
automation,cloudSpendTrend,4,5,3,20,90,healthy,true
automation,cloudSpendTrend,5,4,3,20,95,healthy,true
automation,cloudSpendTrend,6,3,3,20,100,healthy,true
automation,orphanedSpend,1,10800,5000,10000,42,act,true
automation,orphanedSpend,2,9700,5000,10000,53,act,true
automation,orphanedSpend,3,9000,5000,10000,60,watch,true
automation,orphanedSpend,4,9200,5000,10000,58,act,true
automation,orphanedSpend,5,8200,5000,10000,68,watch,true
automation,orphanedSpend,6,7700,5000,10000,73,watch,true
automation,sloAttainment,1,100,99,30,100,healthy,true
automation,sloAttainment,2,100,99,30,100,healthy,true
automation,sloAttainment,3,100,99,30,100,healthy,true
automation,sloAttainment,4,100,99,30,100,healthy,true
automation,sloAttainment,5,100,99,30,100,healthy,true
automation,sloAttainment,6,100,99,30,100,healthy,true
automation,monitoringCoverage,1,100,90,30,100,healthy,true
automation,monitoringCoverage,2,100,90,30,100,healthy,true
automation,monitoringCoverage,3,100,90,30,100,healthy,true
automation,monitoringCoverage,4,100,90,30,100,healthy,true
automation,monitoringCoverage,5,96,90,30,100,healthy,true
automation,monitoringCoverage,6,96,90,30,100,healthy,true
automation,alertNoise,1,84,70,30,100,healthy,true
automation,alertNoise,2,80,70,30,100,healthy,true
automation,alertNoise,3,80,70,30,100,healthy,true
automation,alertNoise,4,77,70,30,100,healthy,true
automation,alertNoise,5,77,70,30,100,healthy,true
automation,alertNoise,6,75,70,30,100,healthy,true
agents,openSncs,1,9,6,12,75,watch,true
agents,openSncs,2,9,6,12,75,watch,true
agents,openSncs,3,11,6,12,58,act,true
agents,openSncs,4,11,6,12,58,act,true
agents,openSncs,5,13,6,12,42,act,true
agents,openSncs,6,14,6,12,33,act,true
agents,sncAge,1,45,14,28,0,act,true
agents,sncAge,2,44,14,28,0,act,true
agents,sncAge,3,41,14,28,4,act,true
agents,sncAge,4,37,14,28,18,act,true
agents,sncAge,5,35,14,28,25,act,true
agents,sncAge,6,33,14,28,32,act,true
agents,repeatSncs,1,11,10,20,95,healthy,true
agents,repeatSncs,2,14,10,20,80,healthy,true
agents,repeatSncs,3,14,10,20,80,healthy,true
agents,repeatSncs,4,15,10,20,75,watch,true
agents,repeatSncs,5,18,10,20,60,watch,true
agents,repeatSncs,6,20,10,20,50,act,true
agents,p1p2Incidents,1,22,6,12,0,act,true
agents,p1p2Incidents,2,20,6,12,0,act,true
agents,p1p2Incidents,3,19,6,12,0,act,true
agents,p1p2Incidents,4,18,6,12,0,act,true
agents,p1p2Incidents,5,18,6,12,0,act,true
agents,p1p2Incidents,6,16,6,12,17,act,true
agents,majorIncidents,1,3,1,5,60,watch,true
agents,majorIncidents,2,3,1,5,60,watch,true
agents,majorIncidents,3,4,1,5,40,act,true
agents,majorIncidents,4,4,1,5,40,act,true
agents,majorIncidents,5,5,1,5,20,act,true
agents,majorIncidents,6,5,1,5,20,act,true
agents,mttr,1,7,4,8,63,watch,true
agents,mttr,2,7,4,8,63,watch,true
agents,mttr,3,7,4,8,63,watch,true
agents,mttr,4,9,4,8,38,act,true
agents,mttr,5,9,4,8,38,act,true
agents,mttr,6,10,4,8,25,act,true
agents,repeatIncidents,1,26,10,20,20,act,true
agents,repeatIncidents,2,24,10,20,30,act,true
agents,repeatIncidents,3,22,10,20,40,act,true
agents,repeatIncidents,4,21,10,20,45,act,true
agents,repeatIncidents,5,19,10,20,55,act,true
agents,repeatIncidents,6,17,10,20,65,watch,true
agents,incidentBacklog,1,8,5,10,70,watch,true
agents,incidentBacklog,2,9,5,10,60,watch,true
agents,incidentBacklog,3,9,5,10,60,watch,true
agents,incidentBacklog,4,10,5,10,50,act,true
agents,incidentBacklog,5,11,5,10,40,act,true
agents,incidentBacklog,6,12,5,10,30,act,true
agents,openProblems,1,8,8,16,100,healthy,true
agents,openProblems,2,9,8,16,94,healthy,true
agents,openProblems,3,10,8,16,88,healthy,true
agents,openProblems,4,12,8,16,75,watch,true
agents,openProblems,5,13,8,16,69,watch,true
agents,openProblems,6,14,8,16,63,watch,true
agents,rcaOverdue,1,5,0,5,0,act,true
agents,rcaOverdue,2,5,0,5,0,act,true
agents,rcaOverdue,3,4,0,5,20,act,true
agents,rcaOverdue,4,4,0,5,20,act,true
agents,rcaOverdue,5,4,0,5,20,act,true
agents,rcaOverdue,6,3,0,5,40,act,true
agents,knownErrors,1,31,10,20,0,act,true
agents,knownErrors,2,31,10,20,0,act,true
agents,knownErrors,3,28,10,20,10,act,true
agents,knownErrors,4,26,10,20,20,act,true
agents,knownErrors,5,25,10,20,25,act,true
agents,knownErrors,6,24,10,20,30,act,true
agents,problemAge,1,43,30,60,78,watch,true
agents,problemAge,2,47,30,60,72,watch,true
agents,problemAge,3,52,30,60,63,watch,true
agents,problemAge,4,56,30,60,57,act,true
agents,problemAge,5,58,30,60,53,act,true
agents,problemAge,6,65,30,60,42,act,true
agents,problemLinkage,1,69,80,30,63,watch,true
agents,problemLinkage,2,67,80,30,57,act,true
agents,problemLinkage,3,64,80,30,47,act,true
agents,problemLinkage,4,62,80,30,40,act,true
agents,problemLinkage,5,60,80,30,33,act,true
agents,problemLinkage,6,58,80,30,27,act,true
agents,serviceMaturity,1,2.8,4,4,70,watch,true
agents,serviceMaturity,2,2.8499999999999996,4,4,71,watch,true
agents,serviceMaturity,3,2.9000000000000004,4,4,73,watch,true
agents,serviceMaturity,4,2.7750000000000004,4,4,69,watch,true
agents,serviceMaturity,5,2.8,4,4,70,watch,true
agents,serviceMaturity,6,2.8000000000000003,4,4,70,watch,true
agents,triageMaturity,1,3.8,4,4,95,healthy,true
agents,triageMaturity,2,3.8,4,4,95,healthy,true
agents,triageMaturity,3,3.6,4,4,90,healthy,true
agents,triageMaturity,4,3.4,4,4,85,healthy,true
agents,triageMaturity,5,3.4,4,4,85,healthy,true
agents,triageMaturity,6,3.2,4,4,80,healthy,true
agents,incidentMaturity,1,2.6,4,4,65,watch,true
agents,incidentMaturity,2,2.7,4,4,68,watch,true
agents,incidentMaturity,3,2.9,4,4,73,watch,true
agents,incidentMaturity,4,2.9,4,4,73,watch,true
agents,incidentMaturity,5,2.9,4,4,73,watch,true
agents,incidentMaturity,6,3.1,4,4,78,watch,true
agents,recoveryMaturity,1,2.8,4,4,70,watch,true
agents,recoveryMaturity,2,2.7,4,4,68,watch,true
agents,recoveryMaturity,3,2.8,4,4,70,watch,true
agents,recoveryMaturity,4,2.6,4,4,65,watch,true
agents,recoveryMaturity,5,2.6,4,4,65,watch,true
agents,recoveryMaturity,6,2.5,4,4,63,watch,true
agents,resolutionMaturity,1,2,4,4,50,act,true
agents,resolutionMaturity,2,2.2,4,4,55,act,true
agents,resolutionMaturity,3,2.3,4,4,57,act,true
agents,resolutionMaturity,4,2.2,4,4,55,act,true
agents,resolutionMaturity,5,2.3,4,4,57,act,true
agents,resolutionMaturity,6,2.4,4,4,60,watch,true
agents,runbookCoverage,1,84,90,30,80,healthy,true
agents,runbookCoverage,2,82,90,30,73,watch,true
agents,runbookCoverage,3,80,90,30,67,watch,true
agents,runbookCoverage,4,78,90,30,60,watch,true
agents,runbookCoverage,5,75,90,30,50,act,true
agents,runbookCoverage,6,73,90,30,43,act,true
agents,mtta,1,19,15,30,87,healthy,true
agents,mtta,2,23,15,30,73,watch,true
agents,mtta,3,23,15,30,73,watch,true
agents,mtta,4,26,15,30,63,watch,true
agents,mtta,5,29,15,30,53,act,true
agents,mtta,6,31,15,30,47,act,true
agents,techDebt,1,44,25,50,62,watch,true
agents,techDebt,2,47,25,50,56,act,true
agents,techDebt,3,51,25,50,48,act,true
agents,techDebt,4,58,25,50,34,act,true
agents,techDebt,5,59,25,50,32,act,true
agents,techDebt,6,65,25,50,20,act,true
agents,archExceptions,1,8,2,5,0,act,true
agents,archExceptions,2,8,2,5,0,act,true
agents,archExceptions,3,7,2,5,0,act,true
agents,archExceptions,4,7,2,5,0,act,true
agents,archExceptions,5,6,2,5,20,act,true
agents,archExceptions,6,6,2,5,20,act,true
agents,strategicAlignment,1,80,80,30,100,healthy,true
agents,strategicAlignment,2,75,80,30,83,healthy,true
agents,strategicAlignment,3,73,80,30,77,watch,true
agents,strategicAlignment,4,71,80,30,70,watch,true
agents,strategicAlignment,5,68,80,30,60,watch,true
agents,strategicAlignment,6,65,80,30,50,act,true
agents,brams,1,9,2,5,0,act,true
agents,brams,2,9,2,5,0,act,true
agents,brams,3,8,2,5,0,act,true
agents,brams,4,8,2,5,0,act,true
agents,brams,5,7,2,5,0,act,true
agents,brams,6,7,2,5,0,act,true
agents,techRisks,1,6,5,10,90,healthy,true
agents,techRisks,2,7,5,10,80,healthy,true
agents,techRisks,3,9,5,10,60,watch,true
agents,techRisks,4,9,5,10,60,watch,true
agents,techRisks,5,10,5,10,50,act,true
agents,techRisks,6,11,5,10,40,act,true
agents,riskTrend,1,4,0,5,20,act,true
agents,riskTrend,2,4,0,5,20,act,true
agents,riskTrend,3,4,0,5,20,act,true
agents,riskTrend,4,3,0,5,40,act,true
agents,riskTrend,5,2,0,5,60,watch,true
agents,riskTrend,6,2,0,5,60,watch,true
agents,vulns,1,28,15,30,57,act,true
agents,vulns,2,30,15,30,50,act,true
agents,vulns,3,34,15,30,37,act,true
agents,vulns,4,35,15,30,33,act,true
agents,vulns,5,39,15,30,20,act,true
agents,vulns,6,41,15,30,13,act,true
agents,patchCompliance,1,85,95,30,67,watch,true
agents,patchCompliance,2,81,95,30,53,act,true
agents,patchCompliance,3,81,95,30,53,act,true
agents,patchCompliance,4,76,95,30,37,act,true
agents,patchCompliance,5,74,95,30,30,act,true
agents,patchCompliance,6,72,95,30,23,act,true
agents,criticalFindings,1,5,0,5,0,act,true
agents,criticalFindings,2,5,0,5,0,act,true
agents,criticalFindings,3,5,0,5,0,act,true
agents,criticalFindings,4,4,0,5,20,act,true
agents,criticalFindings,5,3,0,5,40,act,true
agents,criticalFindings,6,3,0,5,40,act,true
agents,drCompliance,1,57,90,30,0,act,true
agents,drCompliance,2,59,90,30,0,act,true
agents,drCompliance,3,62,90,30,7,act,true
agents,drCompliance,4,65,90,30,17,act,true
agents,drCompliance,5,66,90,30,20,act,true
agents,drCompliance,6,70,90,30,33,act,true
agents,resilienceActions,1,5,3,6,67,watch,true
agents,resilienceActions,2,6,3,6,50,act,true
agents,resilienceActions,3,7,3,6,33,act,true
agents,resilienceActions,4,7,3,6,33,act,true
agents,resilienceActions,5,7,3,6,33,act,true
agents,resilienceActions,6,8,3,6,17,act,true
agents,controlHealth,1,64,90,30,13,act,true
agents,controlHealth,2,66,90,30,20,act,true
agents,controlHealth,3,68,90,30,27,act,true
agents,controlHealth,4,71,90,30,37,act,true
agents,controlHealth,5,74,90,30,47,act,true
agents,controlHealth,6,76,90,30,53,act,true
agents,failedChanges,1,5,2,5,40,act,true
agents,failedChanges,2,5,2,5,40,act,true
agents,failedChanges,3,6,2,5,20,act,true
agents,failedChanges,4,6,2,5,20,act,true
agents,failedChanges,5,6,2,5,20,act,true
agents,failedChanges,6,7,2,5,0,act,true
agents,changeSuccess,1,79,95,30,47,act,true
agents,changeSuccess,2,77,95,30,40,act,true
agents,changeSuccess,3,75,95,30,33,act,true
agents,changeSuccess,4,73,95,30,27,act,true
agents,changeSuccess,5,69,95,30,13,act,true
agents,changeSuccess,6,66,95,30,3,act,true
agents,releases,1,9,8,8,100,healthy,true
agents,releases,2,8,8,8,100,healthy,true
agents,releases,3,7,8,8,88,healthy,true
agents,releases,4,6,8,8,75,watch,true
agents,releases,5,6,8,8,75,watch,true
agents,releases,6,5,8,8,63,watch,true
agents,emergencyChanges,1,30,5,20,0,act,true
agents,emergencyChanges,2,28,5,20,0,act,true
agents,emergencyChanges,3,25,5,20,0,act,true
agents,emergencyChanges,4,23,5,20,10,act,true
agents,emergencyChanges,5,22,5,20,15,act,true
agents,emergencyChanges,6,20,5,20,25,act,true
agents,changeLeadTime,1,18,5,10,0,act,true
agents,changeLeadTime,2,17,5,10,0,act,true
agents,changeLeadTime,3,16,5,10,0,act,true
agents,changeLeadTime,4,15,5,10,0,act,true
agents,changeLeadTime,5,14,5,10,10,act,true
agents,changeLeadTime,6,13,5,10,20,act,true
agents,applications,1,0,12,24,100,healthy,false
agents,applications,2,0,12,24,100,healthy,false
agents,applications,3,3,12,24,100,healthy,false
agents,applications,4,5,12,24,100,healthy,false
agents,applications,5,7,12,24,100,healthy,false
agents,applications,6,10,12,24,100,healthy,false
agents,infraFootprint,1,100,60,120,67,watch,true
agents,infraFootprint,2,117,60,120,53,act,true
agents,infraFootprint,3,123,60,120,48,act,true
agents,infraFootprint,4,132,60,120,40,act,true
agents,infraFootprint,5,150,60,120,25,act,true
agents,infraFootprint,6,158,60,120,18,act,true
agents,currency,1,61,90,30,3,act,true
agents,currency,2,64,90,30,13,act,true
agents,currency,3,67,90,30,23,act,true
agents,currency,4,69,90,30,30,act,true
agents,currency,5,73,90,30,43,act,true
agents,currency,6,76,90,30,53,act,true
agents,cloudMigration,1,66,70,30,87,healthy,true
agents,cloudMigration,2,61,70,30,70,watch,true
agents,cloudMigration,3,60,70,30,67,watch,true
agents,cloudMigration,4,56,70,30,53,act,true
agents,cloudMigration,5,53,70,30,43,act,true
agents,cloudMigration,6,51,70,30,37,act,true
agents,endOfSupport,1,17,5,10,0,act,true
agents,endOfSupport,2,17,5,10,0,act,true
agents,endOfSupport,3,15,5,10,0,act,true
agents,endOfSupport,4,15,5,10,0,act,true
agents,endOfSupport,5,14,5,10,10,act,true
agents,endOfSupport,6,13,5,10,20,act,true
agents,auditActions,1,3,2,5,80,healthy,true
agents,auditActions,2,3,2,5,80,healthy,true
agents,auditActions,3,4,2,5,60,watch,true
agents,auditActions,4,4,2,5,60,watch,true
agents,auditActions,5,4,2,5,60,watch,true
agents,auditActions,6,5,2,5,40,act,true
agents,regActions,1,7,1,5,0,act,true
agents,regActions,2,7,1,5,0,act,true
agents,regActions,3,6,1,5,0,act,true
agents,regActions,4,6,1,5,0,act,true
agents,regActions,5,5,1,5,20,act,true
agents,regActions,6,5,1,5,20,act,true
agents,overdueActions,1,2,0,5,60,watch,true
agents,overdueActions,2,2,0,5,60,watch,true
agents,overdueActions,3,2,0,5,60,watch,true
agents,overdueActions,4,3,0,5,40,act,true
agents,overdueActions,5,3,0,5,40,act,true
agents,overdueActions,6,4,0,5,20,act,true
agents,milestones,1,12,6,12,50,act,false
agents,milestones,2,11,6,12,58,act,false
agents,milestones,3,9,6,12,75,watch,false
agents,milestones,4,8,6,12,83,healthy,false
agents,milestones,5,7,6,12,92,healthy,false
agents,milestones,6,6,6,12,100,healthy,false
agents,roadmapHealth,1,83,85,30,93,healthy,true
agents,roadmapHealth,2,79,85,30,80,healthy,true
agents,roadmapHealth,3,76,85,30,70,watch,true
agents,roadmapHealth,4,74,85,30,63,watch,true
agents,roadmapHealth,5,71,85,30,53,act,true
agents,roadmapHealth,6,69,85,30,47,act,true
agents,commitmentsAtRisk,1,2,1,5,80,healthy,true
agents,commitmentsAtRisk,2,2,1,5,80,healthy,true
agents,commitmentsAtRisk,3,3,1,5,60,watch,true
agents,commitmentsAtRisk,4,3,1,5,60,watch,true
agents,commitmentsAtRisk,5,4,1,5,40,act,true
agents,commitmentsAtRisk,6,4,1,5,40,act,true
agents,vacancies,1,3,1,5,60,watch,true
agents,vacancies,2,3,1,5,60,watch,true
agents,vacancies,3,4,1,5,40,act,true
agents,vacancies,4,4,1,5,40,act,true
agents,vacancies,5,4,1,5,40,act,true
agents,vacancies,6,5,1,5,20,act,true
agents,skillsRisks,1,4,1,5,40,act,true
agents,skillsRisks,2,4,1,5,40,act,true
agents,skillsRisks,3,5,1,5,20,act,true
agents,skillsRisks,4,5,1,5,20,act,true
agents,skillsRisks,5,6,1,5,0,act,true
agents,skillsRisks,6,6,1,5,0,act,true
agents,contractorDependency,1,26,20,20,70,watch,true
agents,contractorDependency,2,27,20,20,65,watch,true
agents,contractorDependency,3,29,20,20,55,act,true
agents,contractorDependency,4,32,20,20,40,act,true
agents,contractorDependency,5,34,20,20,30,act,true
agents,contractorDependency,6,35,20,20,25,act,true
agents,runCostVsBudget,1,108,100,20,60,watch,true
agents,runCostVsBudget,2,110,100,20,50,act,true
agents,runCostVsBudget,3,111,100,20,45,act,true
agents,runCostVsBudget,4,113,100,20,35,act,true
agents,runCostVsBudget,5,115,100,20,25,act,true
agents,runCostVsBudget,6,117,100,20,15,act,true
agents,cloudSpendTrend,1,7,3,20,80,healthy,true
agents,cloudSpendTrend,2,10,3,20,65,watch,true
agents,cloudSpendTrend,3,10,3,20,65,watch,true
agents,cloudSpendTrend,4,12,3,20,55,act,true
agents,cloudSpendTrend,5,13,3,20,50,act,true
agents,cloudSpendTrend,6,16,3,20,35,act,true
agents,orphanedSpend,1,15000,5000,10000,0,act,true
agents,orphanedSpend,2,13900,5000,10000,11,act,true
agents,orphanedSpend,3,13200,5000,10000,18,act,true
agents,orphanedSpend,4,12200,5000,10000,28,act,true
agents,orphanedSpend,5,11500,5000,10000,35,act,true
agents,orphanedSpend,6,10300,5000,10000,47,act,true
agents,sloAttainment,1,90,99,30,70,watch,true
agents,sloAttainment,2,88,99,30,63,watch,true
agents,sloAttainment,3,84,99,30,50,act,true
agents,sloAttainment,4,81,99,30,40,act,true
agents,sloAttainment,5,80,99,30,37,act,true
agents,sloAttainment,6,76,99,30,23,act,true
agents,monitoringCoverage,1,86,90,30,87,healthy,true
agents,monitoringCoverage,2,83,90,30,77,watch,true
agents,monitoringCoverage,3,80,90,30,67,watch,true
agents,monitoringCoverage,4,78,90,30,60,watch,true
agents,monitoringCoverage,5,74,90,30,47,act,true
agents,monitoringCoverage,6,72,90,30,40,act,true
agents,alertNoise,1,37,70,30,0,act,true
agents,alertNoise,2,40,70,30,0,act,true
agents,alertNoise,3,44,70,30,13,act,true
agents,alertNoise,4,46,70,30,20,act,true
agents,alertNoise,5,49,70,30,30,act,true
agents,alertNoise,6,51,70,30,37,act,true
observability,openSncs,1,3,6,12,100,healthy,true
observability,openSncs,2,3,6,12,100,healthy,true
observability,openSncs,3,4,6,12,100,healthy,true
observability,openSncs,4,5,6,12,100,healthy,true
observability,openSncs,5,5,6,12,100,healthy,true
observability,openSncs,6,6,6,12,100,healthy,true
observability,sncAge,1,0,14,28,100,healthy,true
observability,sncAge,2,2,14,28,100,healthy,true
observability,sncAge,3,4,14,28,100,healthy,true
observability,sncAge,4,7,14,28,100,healthy,true
observability,sncAge,5,7,14,28,100,healthy,true
observability,sncAge,6,9,14,28,100,healthy,true
observability,repeatSncs,1,5,10,20,100,healthy,true
observability,repeatSncs,2,6,10,20,100,healthy,true
observability,repeatSncs,3,8,10,20,100,healthy,true
observability,repeatSncs,4,9,10,20,100,healthy,true
observability,repeatSncs,5,11,10,20,95,healthy,true
observability,repeatSncs,6,11,10,20,95,healthy,true
observability,p1p2Incidents,1,6,6,12,100,healthy,true
observability,p1p2Incidents,2,8,6,12,83,healthy,true
observability,p1p2Incidents,3,8,6,12,83,healthy,true
observability,p1p2Incidents,4,9,6,12,75,watch,true
observability,p1p2Incidents,5,9,6,12,75,watch,true
observability,p1p2Incidents,6,10,6,12,67,watch,true
observability,majorIncidents,1,1,1,5,100,healthy,true
observability,majorIncidents,2,1,1,5,100,healthy,true
observability,majorIncidents,3,1,1,5,100,healthy,true
observability,majorIncidents,4,2,1,5,80,healthy,true
observability,majorIncidents,5,2,1,5,80,healthy,true
observability,majorIncidents,6,2,1,5,80,healthy,true
observability,mttr,1,3,4,8,100,healthy,true
observability,mttr,2,3,4,8,100,healthy,true
observability,mttr,3,4,4,8,100,healthy,true
observability,mttr,4,4,4,8,100,healthy,true
observability,mttr,5,5,4,8,88,healthy,true
observability,mttr,6,5,4,8,88,healthy,true
observability,repeatIncidents,1,8,10,20,100,healthy,true
observability,repeatIncidents,2,9,10,20,100,healthy,true
observability,repeatIncidents,3,9,10,20,100,healthy,true
observability,repeatIncidents,4,10,10,20,100,healthy,true
observability,repeatIncidents,5,11,10,20,95,healthy,true
observability,repeatIncidents,6,13,10,20,85,healthy,true
observability,incidentBacklog,1,5,5,10,100,healthy,true
observability,incidentBacklog,2,6,5,10,90,healthy,true
observability,incidentBacklog,3,6,5,10,90,healthy,true
observability,incidentBacklog,4,7,5,10,80,healthy,true
observability,incidentBacklog,5,8,5,10,70,watch,true
observability,incidentBacklog,6,8,5,10,70,watch,true
observability,openProblems,1,9,8,16,94,healthy,true
observability,openProblems,2,8,8,16,100,healthy,true
observability,openProblems,3,8,8,16,100,healthy,true
observability,openProblems,4,7,8,16,100,healthy,true
observability,openProblems,5,6,8,16,100,healthy,true
observability,openProblems,6,5,8,16,100,healthy,true
observability,rcaOverdue,1,0,0,5,100,healthy,true
observability,rcaOverdue,2,0,0,5,100,healthy,true
observability,rcaOverdue,3,0,0,5,100,healthy,true
observability,rcaOverdue,4,0,0,5,100,healthy,true
observability,rcaOverdue,5,0,0,5,100,healthy,true
observability,rcaOverdue,6,0,0,5,100,healthy,true
observability,knownErrors,1,0,10,20,100,healthy,true
observability,knownErrors,2,1,10,20,100,healthy,true
observability,knownErrors,3,1,10,20,100,healthy,true
observability,knownErrors,4,2,10,20,100,healthy,true
observability,knownErrors,5,4,10,20,100,healthy,true
observability,knownErrors,6,5,10,20,100,healthy,true
observability,problemAge,1,25,30,60,100,healthy,true
observability,problemAge,2,32,30,60,97,healthy,true
observability,problemAge,3,34,30,60,93,healthy,true
observability,problemAge,4,36,30,60,90,healthy,true
observability,problemAge,5,42,30,60,80,healthy,true
observability,problemAge,6,43,30,60,78,watch,true
observability,problemLinkage,1,94,80,30,100,healthy,true
observability,problemLinkage,2,94,80,30,100,healthy,true
observability,problemLinkage,3,93,80,30,100,healthy,true
observability,problemLinkage,4,89,80,30,100,healthy,true
observability,problemLinkage,5,88,80,30,100,healthy,true
observability,problemLinkage,6,87,80,30,100,healthy,true
observability,serviceMaturity,1,3.825,4,4,96,healthy,true
observability,serviceMaturity,2,3.85,4,4,96,healthy,true
observability,serviceMaturity,3,3.875,4,4,97,healthy,true
observability,serviceMaturity,4,3.875,4,4,97,healthy,true
observability,serviceMaturity,5,3.9749999999999996,4,4,99,healthy,true
observability,serviceMaturity,6,4.025,4,4,100,healthy,true
observability,triageMaturity,1,3.7,4,4,93,healthy,true
observability,triageMaturity,2,3.8,4,4,95,healthy,true
observability,triageMaturity,3,3.9,4,4,98,healthy,true
observability,triageMaturity,4,4,4,4,100,healthy,true
observability,triageMaturity,5,4.2,4,4,100,healthy,true
observability,triageMaturity,6,4.4,4,4,100,healthy,true
observability,incidentMaturity,1,3.9,4,4,98,healthy,true
observability,incidentMaturity,2,4,4,4,100,healthy,true
observability,incidentMaturity,3,4.1,4,4,100,healthy,true
observability,incidentMaturity,4,4.2,4,4,100,healthy,true
observability,incidentMaturity,5,4.2,4,4,100,healthy,true
observability,incidentMaturity,6,4.3,4,4,100,healthy,true
observability,recoveryMaturity,1,3.5,4,4,88,healthy,true
observability,recoveryMaturity,2,3.6,4,4,90,healthy,true
observability,recoveryMaturity,3,3.7,4,4,93,healthy,true
observability,recoveryMaturity,4,3.6,4,4,90,healthy,true
observability,recoveryMaturity,5,3.8,4,4,95,healthy,true
observability,recoveryMaturity,6,3.9,4,4,98,healthy,true
observability,resolutionMaturity,1,4.2,4,4,100,healthy,true
observability,resolutionMaturity,2,4,4,4,100,healthy,true
observability,resolutionMaturity,3,3.8,4,4,95,healthy,true
observability,resolutionMaturity,4,3.7,4,4,93,healthy,true
observability,resolutionMaturity,5,3.7,4,4,93,healthy,true
observability,resolutionMaturity,6,3.5,4,4,88,healthy,true
observability,runbookCoverage,1,100,90,30,100,healthy,true
observability,runbookCoverage,2,100,90,30,100,healthy,true
observability,runbookCoverage,3,100,90,30,100,healthy,true
observability,runbookCoverage,4,100,90,30,100,healthy,true
observability,runbookCoverage,5,100,90,30,100,healthy,true
observability,runbookCoverage,6,100,90,30,100,healthy,true
observability,mtta,1,0,15,30,100,healthy,true
observability,mtta,2,0,15,30,100,healthy,true
observability,mtta,3,0,15,30,100,healthy,true
observability,mtta,4,0,15,30,100,healthy,true
observability,mtta,5,2,15,30,100,healthy,true
observability,mtta,6,2,15,30,100,healthy,true
observability,techDebt,1,3,25,50,100,healthy,true
observability,techDebt,2,4,25,50,100,healthy,true
observability,techDebt,3,8,25,50,100,healthy,true
observability,techDebt,4,9,25,50,100,healthy,true
observability,techDebt,5,11,25,50,100,healthy,true
observability,techDebt,6,15,25,50,100,healthy,true
observability,archExceptions,1,0,2,5,100,healthy,true
observability,archExceptions,2,1,2,5,100,healthy,true
observability,archExceptions,3,1,2,5,100,healthy,true
observability,archExceptions,4,1,2,5,100,healthy,true
observability,archExceptions,5,2,2,5,100,healthy,true
observability,archExceptions,6,2,2,5,100,healthy,true
observability,strategicAlignment,1,83,80,30,100,healthy,true
observability,strategicAlignment,2,81,80,30,100,healthy,true
observability,strategicAlignment,3,78,80,30,93,healthy,true
observability,strategicAlignment,4,77,80,30,90,healthy,true
observability,strategicAlignment,5,76,80,30,87,healthy,true
observability,strategicAlignment,6,73,80,30,77,watch,true
observability,brams,1,2,2,5,100,healthy,true
observability,brams,2,2,2,5,100,healthy,true
observability,brams,3,2,2,5,100,healthy,true
observability,brams,4,2,2,5,100,healthy,true
observability,brams,5,3,2,5,80,healthy,true
observability,brams,6,3,2,5,80,healthy,true
observability,techRisks,1,2,5,10,100,healthy,true
observability,techRisks,2,3,5,10,100,healthy,true
observability,techRisks,3,4,5,10,100,healthy,true
observability,techRisks,4,4,5,10,100,healthy,true
observability,techRisks,5,5,5,10,100,healthy,true
observability,techRisks,6,5,5,10,100,healthy,true
observability,riskTrend,1,4,0,5,20,act,true
observability,riskTrend,2,3,0,5,40,act,true
observability,riskTrend,3,3,0,5,40,act,true
observability,riskTrend,4,3,0,5,40,act,true
observability,riskTrend,5,2,0,5,60,watch,true
observability,riskTrend,6,2,0,5,60,watch,true
observability,vulns,1,30,15,30,50,act,true
observability,vulns,2,28,15,30,57,act,true
observability,vulns,3,26,15,30,63,watch,true
observability,vulns,4,24,15,30,70,watch,true
observability,vulns,5,23,15,30,73,watch,true
observability,vulns,6,20,15,30,83,healthy,true
observability,patchCompliance,1,81,95,30,53,act,true
observability,patchCompliance,2,85,95,30,67,watch,true
observability,patchCompliance,3,85,95,30,67,watch,true
observability,patchCompliance,4,89,95,30,80,healthy,true
observability,patchCompliance,5,89,95,30,80,healthy,true
observability,patchCompliance,6,91,95,30,87,healthy,true
observability,criticalFindings,1,1,0,5,80,healthy,true
observability,criticalFindings,2,1,0,5,80,healthy,true
observability,criticalFindings,3,1,0,5,80,healthy,true
observability,criticalFindings,4,1,0,5,80,healthy,true
observability,criticalFindings,5,0,0,5,100,healthy,true
observability,criticalFindings,6,0,0,5,100,healthy,true
observability,drCompliance,1,71,90,30,37,act,true
observability,drCompliance,2,73,90,30,43,act,true
observability,drCompliance,3,75,90,30,50,act,true
observability,drCompliance,4,78,90,30,60,watch,true
observability,drCompliance,5,77,90,30,57,act,true
observability,drCompliance,6,80,90,30,67,watch,true
observability,resilienceActions,1,2,3,6,100,healthy,true
observability,resilienceActions,2,3,3,6,100,healthy,true
observability,resilienceActions,3,3,3,6,100,healthy,true
observability,resilienceActions,4,3,3,6,100,healthy,true
observability,resilienceActions,5,4,3,6,83,healthy,true
observability,resilienceActions,6,4,3,6,83,healthy,true
observability,controlHealth,1,90,90,30,100,healthy,true
observability,controlHealth,2,90,90,30,100,healthy,true
observability,controlHealth,3,88,90,30,93,healthy,true
observability,controlHealth,4,84,90,30,80,healthy,true
observability,controlHealth,5,84,90,30,80,healthy,true
observability,controlHealth,6,82,90,30,73,watch,true
observability,failedChanges,1,1,2,5,100,healthy,true
observability,failedChanges,2,2,2,5,100,healthy,true
observability,failedChanges,3,2,2,5,100,healthy,true
observability,failedChanges,4,2,2,5,100,healthy,true
observability,failedChanges,5,3,2,5,80,healthy,true
observability,failedChanges,6,3,2,5,80,healthy,true
observability,changeSuccess,1,92,95,30,90,healthy,true
observability,changeSuccess,2,92,95,30,90,healthy,true
observability,changeSuccess,3,92,95,30,90,healthy,true
observability,changeSuccess,4,88,95,30,77,watch,true
observability,changeSuccess,5,87,95,30,73,watch,true
observability,changeSuccess,6,85,95,30,67,watch,true
observability,releases,1,8,8,8,100,healthy,true
observability,releases,2,8,8,8,100,healthy,true
observability,releases,3,7,8,8,88,healthy,true
observability,releases,4,7,8,8,88,healthy,true
observability,releases,5,6,8,8,75,watch,true
observability,releases,6,6,8,8,75,watch,true
observability,emergencyChanges,1,0,5,20,100,healthy,true
observability,emergencyChanges,2,0,5,20,100,healthy,true
observability,emergencyChanges,3,0,5,20,100,healthy,true
observability,emergencyChanges,4,0,5,20,100,healthy,true
observability,emergencyChanges,5,0,5,20,100,healthy,true
observability,emergencyChanges,6,2,5,20,100,healthy,true
observability,changeLeadTime,1,2,5,10,100,healthy,true
observability,changeLeadTime,2,2,5,10,100,healthy,true
observability,changeLeadTime,3,3,5,10,100,healthy,true
observability,changeLeadTime,4,3,5,10,100,healthy,true
observability,changeLeadTime,5,5,5,10,100,healthy,true
observability,changeLeadTime,6,5,5,10,100,healthy,true
observability,applications,1,0,12,24,100,healthy,false
observability,applications,2,0,12,24,100,healthy,false
observability,applications,3,0,12,24,100,healthy,false
observability,applications,4,1,12,24,100,healthy,false
observability,applications,5,3,12,24,100,healthy,false
observability,applications,6,3,12,24,100,healthy,false
observability,infraFootprint,1,57,60,120,100,healthy,true
observability,infraFootprint,2,68,60,120,93,healthy,true
observability,infraFootprint,3,75,60,120,88,healthy,true
observability,infraFootprint,4,81,60,120,83,healthy,true
observability,infraFootprint,5,90,60,120,75,watch,true
observability,infraFootprint,6,92,60,120,73,watch,true
observability,currency,1,76,90,30,53,act,true
observability,currency,2,78,90,30,60,watch,true
observability,currency,3,81,90,30,70,watch,true
observability,currency,4,81,90,30,70,watch,true
observability,currency,5,84,90,30,80,healthy,true
observability,currency,6,85,90,30,83,healthy,true
observability,cloudMigration,1,85,70,30,100,healthy,true
observability,cloudMigration,2,82,70,30,100,healthy,true
observability,cloudMigration,3,81,70,30,100,healthy,true
observability,cloudMigration,4,79,70,30,100,healthy,true
observability,cloudMigration,5,78,70,30,100,healthy,true
observability,cloudMigration,6,76,70,30,100,healthy,true
observability,endOfSupport,1,9,5,10,60,watch,true
observability,endOfSupport,2,8,5,10,70,watch,true
observability,endOfSupport,3,8,5,10,70,watch,true
observability,endOfSupport,4,7,5,10,80,healthy,true
observability,endOfSupport,5,6,5,10,90,healthy,true
observability,endOfSupport,6,6,5,10,90,healthy,true
observability,auditActions,1,4,2,5,60,watch,true
observability,auditActions,2,4,2,5,60,watch,true
observability,auditActions,3,4,2,5,60,watch,true
observability,auditActions,4,4,2,5,60,watch,true
observability,auditActions,5,3,2,5,80,healthy,true
observability,auditActions,6,3,2,5,80,healthy,true
observability,regActions,1,0,1,5,100,healthy,true
observability,regActions,2,0,1,5,100,healthy,true
observability,regActions,3,0,1,5,100,healthy,true
observability,regActions,4,0,1,5,100,healthy,true
observability,regActions,5,1,1,5,100,healthy,true
observability,regActions,6,1,1,5,100,healthy,true
observability,overdueActions,1,1,0,5,80,healthy,true
observability,overdueActions,2,1,0,5,80,healthy,true
observability,overdueActions,3,1,0,5,80,healthy,true
observability,overdueActions,4,2,0,5,60,watch,true
observability,overdueActions,5,2,0,5,60,watch,true
observability,overdueActions,6,2,0,5,60,watch,true
observability,milestones,1,1,6,12,100,healthy,false
observability,milestones,2,2,6,12,100,healthy,false
observability,milestones,3,3,6,12,100,healthy,false
observability,milestones,4,3,6,12,100,healthy,false
observability,milestones,5,5,6,12,100,healthy,false
observability,milestones,6,5,6,12,100,healthy,false
observability,roadmapHealth,1,80,85,30,83,healthy,true
observability,roadmapHealth,2,83,85,30,93,healthy,true
observability,roadmapHealth,3,86,85,30,100,healthy,true
observability,roadmapHealth,4,86,85,30,100,healthy,true
observability,roadmapHealth,5,88,85,30,100,healthy,true
observability,roadmapHealth,6,90,85,30,100,healthy,true
observability,commitmentsAtRisk,1,0,1,5,100,healthy,true
observability,commitmentsAtRisk,2,0,1,5,100,healthy,true
observability,commitmentsAtRisk,3,0,1,5,100,healthy,true
observability,commitmentsAtRisk,4,1,1,5,100,healthy,true
observability,commitmentsAtRisk,5,1,1,5,100,healthy,true
observability,commitmentsAtRisk,6,1,1,5,100,healthy,true
observability,vacancies,1,0,1,5,100,healthy,true
observability,vacancies,2,0,1,5,100,healthy,true
observability,vacancies,3,0,1,5,100,healthy,true
observability,vacancies,4,1,1,5,100,healthy,true
observability,vacancies,5,1,1,5,100,healthy,true
observability,vacancies,6,1,1,5,100,healthy,true
observability,skillsRisks,1,2,1,5,80,healthy,true
observability,skillsRisks,2,2,1,5,80,healthy,true
observability,skillsRisks,3,2,1,5,80,healthy,true
observability,skillsRisks,4,2,1,5,80,healthy,true
observability,skillsRisks,5,3,1,5,60,watch,true
observability,skillsRisks,6,3,1,5,60,watch,true
observability,contractorDependency,1,11,20,20,100,healthy,true
observability,contractorDependency,2,13,20,20,100,healthy,true
observability,contractorDependency,3,13,20,20,100,healthy,true
observability,contractorDependency,4,14,20,20,100,healthy,true
observability,contractorDependency,5,15,20,20,100,healthy,true
observability,contractorDependency,6,17,20,20,100,healthy,true
observability,runCostVsBudget,1,94,100,20,100,healthy,true
observability,runCostVsBudget,2,95,100,20,100,healthy,true
observability,runCostVsBudget,3,96,100,20,100,healthy,true
observability,runCostVsBudget,4,96,100,20,100,healthy,true
observability,runCostVsBudget,5,97,100,20,100,healthy,true
observability,runCostVsBudget,6,99,100,20,100,healthy,true
observability,cloudSpendTrend,1,-3,3,20,100,healthy,true
observability,cloudSpendTrend,2,-1,3,20,100,healthy,true
observability,cloudSpendTrend,3,-1,3,20,100,healthy,true
observability,cloudSpendTrend,4,0,3,20,100,healthy,true
observability,cloudSpendTrend,5,2,3,20,100,healthy,true
observability,cloudSpendTrend,6,3,3,20,100,healthy,true
observability,orphanedSpend,1,4900,5000,10000,100,healthy,true
observability,orphanedSpend,2,5500,5000,10000,95,healthy,true
observability,orphanedSpend,3,6400,5000,10000,86,healthy,true
observability,orphanedSpend,4,6800,5000,10000,82,healthy,true
observability,orphanedSpend,5,7400,5000,10000,76,watch,true
observability,orphanedSpend,6,8000,5000,10000,70,watch,true
observability,sloAttainment,1,100,99,30,100,healthy,true
observability,sloAttainment,2,100,99,30,100,healthy,true
observability,sloAttainment,3,100,99,30,100,healthy,true
observability,sloAttainment,4,100,99,30,100,healthy,true
observability,sloAttainment,5,99,99,30,100,healthy,true
observability,sloAttainment,6,98,99,30,97,healthy,true
observability,monitoringCoverage,1,100,90,30,100,healthy,true
observability,monitoringCoverage,2,97,90,30,100,healthy,true
observability,monitoringCoverage,3,95,90,30,100,healthy,true
observability,monitoringCoverage,4,94,90,30,100,healthy,true
observability,monitoringCoverage,5,94,90,30,100,healthy,true
observability,monitoringCoverage,6,91,90,30,100,healthy,true
observability,alertNoise,1,68,70,30,93,healthy,true
observability,alertNoise,2,66,70,30,87,healthy,true
observability,alertNoise,3,66,70,30,87,healthy,true
observability,alertNoise,4,64,70,30,80,healthy,true
observability,alertNoise,5,61,70,30,70,watch,true
observability,alertNoise,6,60,70,30,67,watch,true
warehouse,openSncs,1,8,6,12,83,healthy,true
warehouse,openSncs,2,8,6,12,83,healthy,true
warehouse,openSncs,3,8,6,12,83,healthy,true
warehouse,openSncs,4,10,6,12,67,watch,true
warehouse,openSncs,5,10,6,12,67,watch,true
warehouse,openSncs,6,11,6,12,58,act,true
warehouse,sncAge,1,11,14,28,100,healthy,true
warehouse,sncAge,2,14,14,28,100,healthy,true
warehouse,sncAge,3,15,14,28,96,healthy,true
warehouse,sncAge,4,18,14,28,86,healthy,true
warehouse,sncAge,5,19,14,28,82,healthy,true
warehouse,sncAge,6,22,14,28,71,watch,true
warehouse,repeatSncs,1,10,10,20,100,healthy,true
warehouse,repeatSncs,2,12,10,20,90,healthy,true
warehouse,repeatSncs,3,14,10,20,80,healthy,true
warehouse,repeatSncs,4,15,10,20,75,watch,true
warehouse,repeatSncs,5,15,10,20,75,watch,true
warehouse,repeatSncs,6,17,10,20,65,watch,true
warehouse,p1p2Incidents,1,4,6,12,100,healthy,true
warehouse,p1p2Incidents,2,4,6,12,100,healthy,true
warehouse,p1p2Incidents,3,6,6,12,100,healthy,true
warehouse,p1p2Incidents,4,7,6,12,92,healthy,true
warehouse,p1p2Incidents,5,7,6,12,92,healthy,true
warehouse,p1p2Incidents,6,8,6,12,83,healthy,true
warehouse,majorIncidents,1,1,1,5,100,healthy,true
warehouse,majorIncidents,2,2,1,5,80,healthy,true
warehouse,majorIncidents,3,2,1,5,80,healthy,true
warehouse,majorIncidents,4,2,1,5,80,healthy,true
warehouse,majorIncidents,5,2,1,5,80,healthy,true
warehouse,majorIncidents,6,3,1,5,60,watch,true
warehouse,mttr,1,1,4,8,100,healthy,true
warehouse,mttr,2,2,4,8,100,healthy,true
warehouse,mttr,3,2,4,8,100,healthy,true
warehouse,mttr,4,3,4,8,100,healthy,true
warehouse,mttr,5,4,4,8,100,healthy,true
warehouse,mttr,6,4,4,8,100,healthy,true
warehouse,repeatIncidents,1,13,10,20,85,healthy,true
warehouse,repeatIncidents,2,15,10,20,75,watch,true
warehouse,repeatIncidents,3,16,10,20,70,watch,true
warehouse,repeatIncidents,4,17,10,20,65,watch,true
warehouse,repeatIncidents,5,19,10,20,55,act,true
warehouse,repeatIncidents,6,20,10,20,50,act,true
warehouse,incidentBacklog,1,9,5,10,60,watch,true
warehouse,incidentBacklog,2,8,5,10,70,watch,true
warehouse,incidentBacklog,3,8,5,10,70,watch,true
warehouse,incidentBacklog,4,8,5,10,70,watch,true
warehouse,incidentBacklog,5,7,5,10,80,healthy,true
warehouse,incidentBacklog,6,6,5,10,90,healthy,true
warehouse,openProblems,1,5,8,16,100,healthy,true
warehouse,openProblems,2,5,8,16,100,healthy,true
warehouse,openProblems,3,6,8,16,100,healthy,true
warehouse,openProblems,4,7,8,16,100,healthy,true
warehouse,openProblems,5,8,8,16,100,healthy,true
warehouse,openProblems,6,9,8,16,94,healthy,true
warehouse,rcaOverdue,1,0,0,5,100,healthy,true
warehouse,rcaOverdue,2,0,0,5,100,healthy,true
warehouse,rcaOverdue,3,0,0,5,100,healthy,true
warehouse,rcaOverdue,4,0,0,5,100,healthy,true
warehouse,rcaOverdue,5,0,0,5,100,healthy,true
warehouse,rcaOverdue,6,0,0,5,100,healthy,true
warehouse,knownErrors,1,25,10,20,25,act,true
warehouse,knownErrors,2,22,10,20,40,act,true
warehouse,knownErrors,3,22,10,20,40,act,true
warehouse,knownErrors,4,21,10,20,45,act,true
warehouse,knownErrors,5,19,10,20,55,act,true
warehouse,knownErrors,6,18,10,20,60,watch,true
warehouse,problemAge,1,17,30,60,100,healthy,true
warehouse,problemAge,2,18,30,60,100,healthy,true
warehouse,problemAge,3,23,30,60,100,healthy,true
warehouse,problemAge,4,24,30,60,100,healthy,true
warehouse,problemAge,5,28,30,60,100,healthy,true
warehouse,problemAge,6,33,30,60,95,healthy,true
warehouse,problemLinkage,1,81,80,30,100,healthy,true
warehouse,problemLinkage,2,78,80,30,93,healthy,true
warehouse,problemLinkage,3,77,80,30,90,healthy,true
warehouse,problemLinkage,4,77,80,30,90,healthy,true
warehouse,problemLinkage,5,73,80,30,77,watch,true
warehouse,problemLinkage,6,72,80,30,73,watch,true
warehouse,serviceMaturity,1,2.8499999999999996,4,4,71,watch,true
warehouse,serviceMaturity,2,2.975,4,4,74,watch,true
warehouse,serviceMaturity,3,3.1,4,4,78,watch,true
warehouse,serviceMaturity,4,3.225,4,4,81,healthy,true
warehouse,serviceMaturity,5,3.325,4,4,83,healthy,true
warehouse,serviceMaturity,6,3.425,4,4,86,healthy,true
warehouse,triageMaturity,1,2.7,4,4,68,watch,true
warehouse,triageMaturity,2,2.9,4,4,73,watch,true
warehouse,triageMaturity,3,3,4,4,75,watch,true
warehouse,triageMaturity,4,3.3,4,4,83,healthy,true
warehouse,triageMaturity,5,3.4,4,4,85,healthy,true
warehouse,triageMaturity,6,3.5,4,4,88,healthy,true
warehouse,incidentMaturity,1,3.3,4,4,83,healthy,true
warehouse,incidentMaturity,2,3.4,4,4,85,healthy,true
warehouse,incidentMaturity,3,3.5,4,4,88,healthy,true
warehouse,incidentMaturity,4,3.5,4,4,88,healthy,true
warehouse,incidentMaturity,5,3.6,4,4,90,healthy,true
warehouse,incidentMaturity,6,3.7,4,4,93,healthy,true
warehouse,recoveryMaturity,1,2.6,4,4,65,watch,true
warehouse,recoveryMaturity,2,2.7,4,4,68,watch,true
warehouse,recoveryMaturity,3,2.9,4,4,73,watch,true
warehouse,recoveryMaturity,4,3,4,4,75,watch,true
warehouse,recoveryMaturity,5,3.1,4,4,78,watch,true
warehouse,recoveryMaturity,6,3.3,4,4,83,healthy,true
warehouse,resolutionMaturity,1,2.8,4,4,70,watch,true
warehouse,resolutionMaturity,2,2.9,4,4,73,watch,true
warehouse,resolutionMaturity,3,3,4,4,75,watch,true
warehouse,resolutionMaturity,4,3.1,4,4,78,watch,true
warehouse,resolutionMaturity,5,3.2,4,4,80,healthy,true
warehouse,resolutionMaturity,6,3.2,4,4,80,healthy,true
warehouse,runbookCoverage,1,98,90,30,100,healthy,true
warehouse,runbookCoverage,2,97,90,30,100,healthy,true
warehouse,runbookCoverage,3,96,90,30,100,healthy,true
warehouse,runbookCoverage,4,95,90,30,100,healthy,true
warehouse,runbookCoverage,5,91,90,30,100,healthy,true
warehouse,runbookCoverage,6,90,90,30,100,healthy,true
warehouse,mtta,1,3,15,30,100,healthy,true
warehouse,mtta,2,3,15,30,100,healthy,true
warehouse,mtta,3,5,15,30,100,healthy,true
warehouse,mtta,4,10,15,30,100,healthy,true
warehouse,mtta,5,11,15,30,100,healthy,true
warehouse,mtta,6,12,15,30,100,healthy,true
warehouse,techDebt,1,25,25,50,100,healthy,true
warehouse,techDebt,2,28,25,50,94,healthy,true
warehouse,techDebt,3,30,25,50,90,healthy,true
warehouse,techDebt,4,33,25,50,84,healthy,true
warehouse,techDebt,5,36,25,50,78,watch,true
warehouse,techDebt,6,40,25,50,70,watch,true
warehouse,archExceptions,1,4,2,5,60,watch,true
warehouse,archExceptions,2,4,2,5,60,watch,true
warehouse,archExceptions,3,3,2,5,80,healthy,true
warehouse,archExceptions,4,3,2,5,80,healthy,true
warehouse,archExceptions,5,3,2,5,80,healthy,true
warehouse,archExceptions,6,2,2,5,100,healthy,true
warehouse,strategicAlignment,1,90,80,30,100,healthy,true
warehouse,strategicAlignment,2,89,80,30,100,healthy,true
warehouse,strategicAlignment,3,86,80,30,100,healthy,true
warehouse,strategicAlignment,4,85,80,30,100,healthy,true
warehouse,strategicAlignment,5,82,80,30,100,healthy,true
warehouse,strategicAlignment,6,81,80,30,100,healthy,true
warehouse,brams,1,1,2,5,100,healthy,true
warehouse,brams,2,2,2,5,100,healthy,true
warehouse,brams,3,2,2,5,100,healthy,true
warehouse,brams,4,2,2,5,100,healthy,true
warehouse,brams,5,3,2,5,80,healthy,true
warehouse,brams,6,3,2,5,80,healthy,true
warehouse,techRisks,1,7,5,10,80,healthy,true
warehouse,techRisks,2,7,5,10,80,healthy,true
warehouse,techRisks,3,8,5,10,70,watch,true
warehouse,techRisks,4,8,5,10,70,watch,true
warehouse,techRisks,5,9,5,10,60,watch,true
warehouse,techRisks,6,10,5,10,50,act,true
warehouse,riskTrend,1,0,0,5,100,healthy,true
warehouse,riskTrend,2,1,0,5,80,healthy,true
warehouse,riskTrend,3,1,0,5,80,healthy,true
warehouse,riskTrend,4,1,0,5,80,healthy,true
warehouse,riskTrend,5,2,0,5,60,watch,true
warehouse,riskTrend,6,2,0,5,60,watch,true
warehouse,vulns,1,22,15,30,77,watch,true
warehouse,vulns,2,22,15,30,77,watch,true
warehouse,vulns,3,26,15,30,63,watch,true
warehouse,vulns,4,26,15,30,63,watch,true
warehouse,vulns,5,30,15,30,50,act,true
warehouse,vulns,6,31,15,30,47,act,true
warehouse,patchCompliance,1,96,95,30,100,healthy,true
warehouse,patchCompliance,2,93,95,30,93,healthy,true
warehouse,patchCompliance,3,93,95,30,93,healthy,true
warehouse,patchCompliance,4,91,95,30,87,healthy,true
warehouse,patchCompliance,5,87,95,30,73,watch,true
warehouse,patchCompliance,6,86,95,30,70,watch,true
warehouse,criticalFindings,1,0,0,5,100,healthy,true
warehouse,criticalFindings,2,0,0,5,100,healthy,true
warehouse,criticalFindings,3,0,0,5,100,healthy,true
warehouse,criticalFindings,4,0,0,5,100,healthy,true
warehouse,criticalFindings,5,1,0,5,80,healthy,true
warehouse,criticalFindings,6,1,0,5,80,healthy,true
warehouse,drCompliance,1,95,90,30,100,healthy,true
warehouse,drCompliance,2,92,90,30,100,healthy,true
warehouse,drCompliance,3,90,90,30,100,healthy,true
warehouse,drCompliance,4,88,90,30,93,healthy,true
warehouse,drCompliance,5,88,90,30,93,healthy,true
warehouse,drCompliance,6,85,90,30,83,healthy,true
warehouse,resilienceActions,1,1,3,6,100,healthy,true
warehouse,resilienceActions,2,2,3,6,100,healthy,true
warehouse,resilienceActions,3,2,3,6,100,healthy,true
warehouse,resilienceActions,4,2,3,6,100,healthy,true
warehouse,resilienceActions,5,3,3,6,100,healthy,true
warehouse,resilienceActions,6,3,3,6,100,healthy,true
warehouse,controlHealth,1,93,90,30,100,healthy,true
warehouse,controlHealth,2,91,90,30,100,healthy,true
warehouse,controlHealth,3,89,90,30,97,healthy,true
warehouse,controlHealth,4,86,90,30,87,healthy,true
warehouse,controlHealth,5,84,90,30,80,healthy,true
warehouse,controlHealth,6,83,90,30,77,watch,true
warehouse,failedChanges,1,1,2,5,100,healthy,true
warehouse,failedChanges,2,2,2,5,100,healthy,true
warehouse,failedChanges,3,2,2,5,100,healthy,true
warehouse,failedChanges,4,2,2,5,100,healthy,true
warehouse,failedChanges,5,2,2,5,100,healthy,true
warehouse,failedChanges,6,3,2,5,80,healthy,true
warehouse,changeSuccess,1,98,95,30,100,healthy,true
warehouse,changeSuccess,2,94,95,30,97,healthy,true
warehouse,changeSuccess,3,94,95,30,97,healthy,true
warehouse,changeSuccess,4,92,95,30,90,healthy,true
warehouse,changeSuccess,5,89,95,30,80,healthy,true
warehouse,changeSuccess,6,87,95,30,73,watch,true
warehouse,releases,1,7,8,8,88,healthy,true
warehouse,releases,2,6,8,8,75,watch,true
warehouse,releases,3,6,8,8,75,watch,true
warehouse,releases,4,5,8,8,63,watch,true
warehouse,releases,5,4,8,8,50,act,true
warehouse,releases,6,4,8,8,50,act,true
warehouse,emergencyChanges,1,21,5,20,20,act,true
warehouse,emergencyChanges,2,18,5,20,35,act,true
warehouse,emergencyChanges,3,17,5,20,40,act,true
warehouse,emergencyChanges,4,15,5,20,50,act,true
warehouse,emergencyChanges,5,14,5,20,55,act,true
warehouse,emergencyChanges,6,13,5,20,60,watch,true
warehouse,changeLeadTime,1,7,5,10,80,healthy,true
warehouse,changeLeadTime,2,8,5,10,70,watch,true
warehouse,changeLeadTime,3,8,5,10,70,watch,true
warehouse,changeLeadTime,4,8,5,10,70,watch,true
warehouse,changeLeadTime,5,9,5,10,60,watch,true
warehouse,changeLeadTime,6,10,5,10,50,act,true
warehouse,applications,1,13,12,24,96,healthy,false
warehouse,applications,2,10,12,24,100,healthy,false
warehouse,applications,3,8,12,24,100,healthy,false
warehouse,applications,4,6,12,24,100,healthy,false
warehouse,applications,5,5,12,24,100,healthy,false
warehouse,applications,6,4,12,24,100,healthy,false
warehouse,infraFootprint,1,89,60,120,76,watch,true
warehouse,infraFootprint,2,93,60,120,73,watch,true
warehouse,infraFootprint,3,101,60,120,66,watch,true
warehouse,infraFootprint,4,111,60,120,58,act,true
warehouse,infraFootprint,5,115,60,120,54,act,true
warehouse,infraFootprint,6,124,60,120,47,act,true
warehouse,currency,1,88,90,30,93,healthy,true
warehouse,currency,2,87,90,30,90,healthy,true
warehouse,currency,3,85,90,30,83,healthy,true
warehouse,currency,4,83,90,30,77,watch,true
warehouse,currency,5,79,90,30,63,watch,true
warehouse,currency,6,78,90,30,60,watch,true
warehouse,cloudMigration,1,77,70,30,100,healthy,true
warehouse,cloudMigration,2,76,70,30,100,healthy,true
warehouse,cloudMigration,3,75,70,30,100,healthy,true
warehouse,cloudMigration,4,70,70,30,100,healthy,true
warehouse,cloudMigration,5,68,70,30,93,healthy,true
warehouse,cloudMigration,6,67,70,30,90,healthy,true
warehouse,endOfSupport,1,2,5,10,100,healthy,true
warehouse,endOfSupport,2,3,5,10,100,healthy,true
warehouse,endOfSupport,3,3,5,10,100,healthy,true
warehouse,endOfSupport,4,4,5,10,100,healthy,true
warehouse,endOfSupport,5,4,5,10,100,healthy,true
warehouse,endOfSupport,6,5,5,10,100,healthy,true
warehouse,auditActions,1,0,2,5,100,healthy,true
warehouse,auditActions,2,0,2,5,100,healthy,true
warehouse,auditActions,3,1,2,5,100,healthy,true
warehouse,auditActions,4,1,2,5,100,healthy,true
warehouse,auditActions,5,2,2,5,100,healthy,true
warehouse,auditActions,6,2,2,5,100,healthy,true
warehouse,regActions,1,0,1,5,100,healthy,true
warehouse,regActions,2,0,1,5,100,healthy,true
warehouse,regActions,3,0,1,5,100,healthy,true
warehouse,regActions,4,0,1,5,100,healthy,true
warehouse,regActions,5,1,1,5,100,healthy,true
warehouse,regActions,6,1,1,5,100,healthy,true
warehouse,overdueActions,1,2,0,5,60,watch,true
warehouse,overdueActions,2,1,0,5,80,healthy,true
warehouse,overdueActions,3,1,0,5,80,healthy,true
warehouse,overdueActions,4,1,0,5,80,healthy,true
warehouse,overdueActions,5,0,0,5,100,healthy,true
warehouse,overdueActions,6,0,0,5,100,healthy,true
warehouse,milestones,1,6,6,12,100,healthy,false
warehouse,milestones,2,7,6,12,92,healthy,false
warehouse,milestones,3,7,6,12,92,healthy,false
warehouse,milestones,4,8,6,12,83,healthy,false
warehouse,milestones,5,10,6,12,67,watch,false
warehouse,milestones,6,10,6,12,67,watch,false
warehouse,roadmapHealth,1,89,85,30,100,healthy,true
warehouse,roadmapHealth,2,86,85,30,100,healthy,true
warehouse,roadmapHealth,3,85,85,30,100,healthy,true
warehouse,roadmapHealth,4,82,85,30,90,healthy,true
warehouse,roadmapHealth,5,81,85,30,87,healthy,true
warehouse,roadmapHealth,6,78,85,30,77,watch,true
warehouse,commitmentsAtRisk,1,0,1,5,100,healthy,true
warehouse,commitmentsAtRisk,2,0,1,5,100,healthy,true
warehouse,commitmentsAtRisk,3,0,1,5,100,healthy,true
warehouse,commitmentsAtRisk,4,0,1,5,100,healthy,true
warehouse,commitmentsAtRisk,5,0,1,5,100,healthy,true
warehouse,commitmentsAtRisk,6,1,1,5,100,healthy,true
warehouse,vacancies,1,4,1,5,40,act,true
warehouse,vacancies,2,3,1,5,60,watch,true
warehouse,vacancies,3,3,1,5,60,watch,true
warehouse,vacancies,4,3,1,5,60,watch,true
warehouse,vacancies,5,2,1,5,80,healthy,true
warehouse,vacancies,6,2,1,5,80,healthy,true
warehouse,skillsRisks,1,6,1,5,0,act,true
warehouse,skillsRisks,2,5,1,5,20,act,true
warehouse,skillsRisks,3,5,1,5,20,act,true
warehouse,skillsRisks,4,5,1,5,20,act,true
warehouse,skillsRisks,5,4,1,5,40,act,true
warehouse,skillsRisks,6,4,1,5,40,act,true
warehouse,contractorDependency,1,15,20,20,100,healthy,true
warehouse,contractorDependency,2,15,20,20,100,healthy,true
warehouse,contractorDependency,3,16,20,20,100,healthy,true
warehouse,contractorDependency,4,18,20,20,100,healthy,true
warehouse,contractorDependency,5,19,20,20,100,healthy,true
warehouse,contractorDependency,6,21,20,20,95,healthy,true
warehouse,runCostVsBudget,1,95,100,20,100,healthy,true
warehouse,runCostVsBudget,2,96,100,20,100,healthy,true
warehouse,runCostVsBudget,3,99,100,20,100,healthy,true
warehouse,runCostVsBudget,4,98,100,20,100,healthy,true
warehouse,runCostVsBudget,5,101,100,20,95,healthy,true
warehouse,runCostVsBudget,6,102,100,20,90,healthy,true
warehouse,cloudSpendTrend,1,15,3,20,40,act,true
warehouse,cloudSpendTrend,2,15,3,20,40,act,true
warehouse,cloudSpendTrend,3,13,3,20,50,act,true
warehouse,cloudSpendTrend,4,11,3,20,60,watch,true
warehouse,cloudSpendTrend,5,10,3,20,65,watch,true
warehouse,cloudSpendTrend,6,9,3,20,70,watch,true
warehouse,orphanedSpend,1,1800,5000,10000,100,healthy,true
warehouse,orphanedSpend,2,2700,5000,10000,100,healthy,true
warehouse,orphanedSpend,3,3500,5000,10000,100,healthy,true
warehouse,orphanedSpend,4,4400,5000,10000,100,healthy,true
warehouse,orphanedSpend,5,5100,5000,10000,99,healthy,true
warehouse,orphanedSpend,6,5400,5000,10000,96,healthy,true
warehouse,sloAttainment,1,100,99,30,100,healthy,true
warehouse,sloAttainment,2,100,99,30,100,healthy,true
warehouse,sloAttainment,3,97,99,30,93,healthy,true
warehouse,sloAttainment,4,95,99,30,87,healthy,true
warehouse,sloAttainment,5,93,99,30,80,healthy,true
warehouse,sloAttainment,6,91,99,30,73,watch,true
warehouse,monitoringCoverage,1,86,90,30,87,healthy,true
warehouse,monitoringCoverage,2,86,90,30,87,healthy,true
warehouse,monitoringCoverage,3,84,90,30,80,healthy,true
warehouse,monitoringCoverage,4,81,90,30,70,watch,true
warehouse,monitoringCoverage,5,79,90,30,63,watch,true
warehouse,monitoringCoverage,6,77,90,30,57,act,true
warehouse,alertNoise,1,49,70,30,30,act,true
warehouse,alertNoise,2,52,70,30,40,act,true
warehouse,alertNoise,3,55,70,30,50,act,true
warehouse,alertNoise,4,57,70,30,57,act,true
warehouse,alertNoise,5,58,70,30,60,watch,true
warehouse,alertNoise,6,60,70,30,67,watch,true
analytics,openSncs,1,8,6,12,83,healthy,true
analytics,openSncs,2,7,6,12,92,healthy,true
analytics,openSncs,3,7,6,12,92,healthy,true
analytics,openSncs,4,6,6,12,100,healthy,true
analytics,openSncs,5,6,6,12,100,healthy,true
analytics,openSncs,6,5,6,12,100,healthy,true
analytics,sncAge,1,23,14,28,68,watch,true
analytics,sncAge,2,22,14,28,71,watch,true
analytics,sncAge,3,20,14,28,79,watch,true
analytics,sncAge,4,19,14,28,82,healthy,true
analytics,sncAge,5,16,14,28,93,healthy,true
analytics,sncAge,6,16,14,28,93,healthy,true
analytics,repeatSncs,1,7,10,20,100,healthy,true
analytics,repeatSncs,2,8,10,20,100,healthy,true
analytics,repeatSncs,3,9,10,20,100,healthy,true
analytics,repeatSncs,4,10,10,20,100,healthy,true
analytics,repeatSncs,5,11,10,20,95,healthy,true
analytics,repeatSncs,6,12,10,20,90,healthy,true
analytics,p1p2Incidents,1,5,6,12,100,healthy,true
analytics,p1p2Incidents,2,5,6,12,100,healthy,true
analytics,p1p2Incidents,3,6,6,12,100,healthy,true
analytics,p1p2Incidents,4,6,6,12,100,healthy,true
analytics,p1p2Incidents,5,7,6,12,92,healthy,true
analytics,p1p2Incidents,6,8,6,12,83,healthy,true
analytics,majorIncidents,1,1,1,5,100,healthy,true
analytics,majorIncidents,2,1,1,5,100,healthy,true
analytics,majorIncidents,3,1,1,5,100,healthy,true
analytics,majorIncidents,4,0,1,5,100,healthy,true
analytics,majorIncidents,5,1,1,5,100,healthy,true
analytics,majorIncidents,6,0,1,5,100,healthy,true
analytics,mttr,1,1,4,8,100,healthy,true
analytics,mttr,2,2,4,8,100,healthy,true
analytics,mttr,3,2,4,8,100,healthy,true
analytics,mttr,4,2,4,8,100,healthy,true
analytics,mttr,5,2,4,8,100,healthy,true
analytics,mttr,6,3,4,8,100,healthy,true
analytics,repeatIncidents,1,5,10,20,100,healthy,true
analytics,repeatIncidents,2,6,10,20,100,healthy,true
analytics,repeatIncidents,3,7,10,20,100,healthy,true
analytics,repeatIncidents,4,8,10,20,100,healthy,true
analytics,repeatIncidents,5,10,10,20,100,healthy,true
analytics,repeatIncidents,6,11,10,20,95,healthy,true
analytics,incidentBacklog,1,3,5,10,100,healthy,true
analytics,incidentBacklog,2,4,5,10,100,healthy,true
analytics,incidentBacklog,3,4,5,10,100,healthy,true
analytics,incidentBacklog,4,5,5,10,100,healthy,true
analytics,incidentBacklog,5,5,5,10,100,healthy,true
analytics,incidentBacklog,6,6,5,10,90,healthy,true
analytics,openProblems,1,0,8,16,100,healthy,true
analytics,openProblems,2,0,8,16,100,healthy,true
analytics,openProblems,3,0,8,16,100,healthy,true
analytics,openProblems,4,1,8,16,100,healthy,true
analytics,openProblems,5,1,8,16,100,healthy,true
analytics,openProblems,6,2,8,16,100,healthy,true
analytics,rcaOverdue,1,0,0,5,100,healthy,true
analytics,rcaOverdue,2,0,0,5,100,healthy,true
analytics,rcaOverdue,3,0,0,5,100,healthy,true
analytics,rcaOverdue,4,0,0,5,100,healthy,true
analytics,rcaOverdue,5,0,0,5,100,healthy,true
analytics,rcaOverdue,6,0,0,5,100,healthy,true
analytics,knownErrors,1,0,10,20,100,healthy,true
analytics,knownErrors,2,0,10,20,100,healthy,true
analytics,knownErrors,3,0,10,20,100,healthy,true
analytics,knownErrors,4,0,10,20,100,healthy,true
analytics,knownErrors,5,0,10,20,100,healthy,true
analytics,knownErrors,6,1,10,20,100,healthy,true
analytics,problemAge,1,19,30,60,100,healthy,true
analytics,problemAge,2,24,30,60,100,healthy,true
analytics,problemAge,3,26,30,60,100,healthy,true
analytics,problemAge,4,26,30,60,100,healthy,true
analytics,problemAge,5,29,30,60,100,healthy,true
analytics,problemAge,6,32,30,60,97,healthy,true
analytics,problemLinkage,1,78,80,30,93,healthy,true
analytics,problemLinkage,2,80,80,30,100,healthy,true
analytics,problemLinkage,3,81,80,30,100,healthy,true
analytics,problemLinkage,4,82,80,30,100,healthy,true
analytics,problemLinkage,5,83,80,30,100,healthy,true
analytics,problemLinkage,6,85,80,30,100,healthy,true
analytics,serviceMaturity,1,4.0249999999999995,4,4,100,healthy,true
analytics,serviceMaturity,2,4.05,4,4,100,healthy,true
analytics,serviceMaturity,3,4.1,4,4,100,healthy,true
analytics,serviceMaturity,4,4.15,4,4,100,healthy,true
analytics,serviceMaturity,5,4.225,4,4,100,healthy,true
analytics,serviceMaturity,6,4.275,4,4,100,healthy,true
analytics,triageMaturity,1,4.3,4,4,100,healthy,true
analytics,triageMaturity,2,4.3,4,4,100,healthy,true
analytics,triageMaturity,3,4.4,4,4,100,healthy,true
analytics,triageMaturity,4,4.5,4,4,100,healthy,true
analytics,triageMaturity,5,4.6,4,4,100,healthy,true
analytics,triageMaturity,6,4.7,4,4,100,healthy,true
analytics,incidentMaturity,1,4.6,4,4,100,healthy,true
analytics,incidentMaturity,2,4.6,4,4,100,healthy,true
analytics,incidentMaturity,3,4.5,4,4,100,healthy,true
analytics,incidentMaturity,4,4.4,4,4,100,healthy,true
analytics,incidentMaturity,5,4.3,4,4,100,healthy,true
analytics,incidentMaturity,6,4.3,4,4,100,healthy,true
analytics,recoveryMaturity,1,3.8,4,4,95,healthy,true
analytics,recoveryMaturity,2,3.8,4,4,95,healthy,true
analytics,recoveryMaturity,3,4,4,4,100,healthy,true
analytics,recoveryMaturity,4,4.1,4,4,100,healthy,true
analytics,recoveryMaturity,5,4.3,4,4,100,healthy,true
analytics,recoveryMaturity,6,4.3,4,4,100,healthy,true
analytics,resolutionMaturity,1,3.4,4,4,85,healthy,true
analytics,resolutionMaturity,2,3.5,4,4,88,healthy,true
analytics,resolutionMaturity,3,3.5,4,4,88,healthy,true
analytics,resolutionMaturity,4,3.6,4,4,90,healthy,true
analytics,resolutionMaturity,5,3.7,4,4,93,healthy,true
analytics,resolutionMaturity,6,3.8,4,4,95,healthy,true
analytics,runbookCoverage,1,100,90,30,100,healthy,true
analytics,runbookCoverage,2,98,90,30,100,healthy,true
analytics,runbookCoverage,3,97,90,30,100,healthy,true
analytics,runbookCoverage,4,97,90,30,100,healthy,true
analytics,runbookCoverage,5,94,90,30,100,healthy,true
analytics,runbookCoverage,6,94,90,30,100,healthy,true
analytics,mtta,1,11,15,30,100,healthy,true
analytics,mtta,2,11,15,30,100,healthy,true
analytics,mtta,3,15,15,30,100,healthy,true
analytics,mtta,4,15,15,30,100,healthy,true
analytics,mtta,5,18,15,30,90,healthy,true
analytics,mtta,6,18,15,30,90,healthy,true
analytics,techDebt,1,23,25,50,100,healthy,true
analytics,techDebt,2,18,25,50,100,healthy,true
analytics,techDebt,3,16,25,50,100,healthy,true
analytics,techDebt,4,17,25,50,100,healthy,true
analytics,techDebt,5,13,25,50,100,healthy,true
analytics,techDebt,6,10,25,50,100,healthy,true
analytics,archExceptions,1,4,2,5,60,watch,true
analytics,archExceptions,2,4,2,5,60,watch,true
analytics,archExceptions,3,4,2,5,60,watch,true
analytics,archExceptions,4,4,2,5,60,watch,true
analytics,archExceptions,5,3,2,5,80,healthy,true
analytics,archExceptions,6,3,2,5,80,healthy,true
analytics,strategicAlignment,1,87,80,30,100,healthy,true
analytics,strategicAlignment,2,85,80,30,100,healthy,true
analytics,strategicAlignment,3,85,80,30,100,healthy,true
analytics,strategicAlignment,4,82,80,30,100,healthy,true
analytics,strategicAlignment,5,82,80,30,100,healthy,true
analytics,strategicAlignment,6,80,80,30,100,healthy,true
analytics,brams,1,0,2,5,100,healthy,true
analytics,brams,2,0,2,5,100,healthy,true
analytics,brams,3,0,2,5,100,healthy,true
analytics,brams,4,1,2,5,100,healthy,true
analytics,brams,5,1,2,5,100,healthy,true
analytics,brams,6,1,2,5,100,healthy,true
analytics,techRisks,1,1,5,10,100,healthy,true
analytics,techRisks,2,1,5,10,100,healthy,true
analytics,techRisks,3,1,5,10,100,healthy,true
analytics,techRisks,4,2,5,10,100,healthy,true
analytics,techRisks,5,2,5,10,100,healthy,true
analytics,techRisks,6,3,5,10,100,healthy,true
analytics,riskTrend,1,1,0,5,80,healthy,true
analytics,riskTrend,2,1,0,5,80,healthy,true
analytics,riskTrend,3,1,0,5,80,healthy,true
analytics,riskTrend,4,0,0,5,100,healthy,true
analytics,riskTrend,5,0,0,5,100,healthy,true
analytics,riskTrend,6,0,0,5,100,healthy,true
analytics,vulns,1,13,15,30,100,healthy,true
analytics,vulns,2,15,15,30,100,healthy,true
analytics,vulns,3,15,15,30,100,healthy,true
analytics,vulns,4,15,15,30,100,healthy,true
analytics,vulns,5,18,15,30,90,healthy,true
analytics,vulns,6,19,15,30,87,healthy,true
analytics,patchCompliance,1,97,95,30,100,healthy,true
analytics,patchCompliance,2,97,95,30,100,healthy,true
analytics,patchCompliance,3,95,95,30,100,healthy,true
analytics,patchCompliance,4,93,95,30,93,healthy,true
analytics,patchCompliance,5,93,95,30,93,healthy,true
analytics,patchCompliance,6,91,95,30,87,healthy,true
analytics,criticalFindings,1,2,0,5,60,watch,true
analytics,criticalFindings,2,2,0,5,60,watch,true
analytics,criticalFindings,3,1,0,5,80,healthy,true
analytics,criticalFindings,4,1,0,5,80,healthy,true
analytics,criticalFindings,5,1,0,5,80,healthy,true
analytics,criticalFindings,6,1,0,5,80,healthy,true
analytics,drCompliance,1,93,90,30,100,healthy,true
analytics,drCompliance,2,93,90,30,100,healthy,true
analytics,drCompliance,3,92,90,30,100,healthy,true
analytics,drCompliance,4,89,90,30,97,healthy,true
analytics,drCompliance,5,87,90,30,90,healthy,true
analytics,drCompliance,6,87,90,30,90,healthy,true
analytics,resilienceActions,1,1,3,6,100,healthy,true
analytics,resilienceActions,2,1,3,6,100,healthy,true
analytics,resilienceActions,3,1,3,6,100,healthy,true
analytics,resilienceActions,4,1,3,6,100,healthy,true
analytics,resilienceActions,5,2,3,6,100,healthy,true
analytics,resilienceActions,6,2,3,6,100,healthy,true
analytics,controlHealth,1,92,90,30,100,healthy,true
analytics,controlHealth,2,91,90,30,100,healthy,true
analytics,controlHealth,3,88,90,30,93,healthy,true
analytics,controlHealth,4,88,90,30,93,healthy,true
analytics,controlHealth,5,86,90,30,87,healthy,true
analytics,controlHealth,6,84,90,30,80,healthy,true
analytics,failedChanges,1,2,2,5,100,healthy,true
analytics,failedChanges,2,2,2,5,100,healthy,true
analytics,failedChanges,3,2,2,5,100,healthy,true
analytics,failedChanges,4,2,2,5,100,healthy,true
analytics,failedChanges,5,3,2,5,80,healthy,true
analytics,failedChanges,6,3,2,5,80,healthy,true
analytics,changeSuccess,1,100,95,30,100,healthy,true
analytics,changeSuccess,2,100,95,30,100,healthy,true
analytics,changeSuccess,3,100,95,30,100,healthy,true
analytics,changeSuccess,4,99,95,30,100,healthy,true
analytics,changeSuccess,5,99,95,30,100,healthy,true
analytics,changeSuccess,6,97,95,30,100,healthy,true
analytics,releases,1,11,8,8,100,healthy,true
analytics,releases,2,10,8,8,100,healthy,true
analytics,releases,3,10,8,8,100,healthy,true
analytics,releases,4,10,8,8,100,healthy,true
analytics,releases,5,9,8,8,100,healthy,true
analytics,releases,6,9,8,8,100,healthy,true
analytics,emergencyChanges,1,0,5,20,100,healthy,true
analytics,emergencyChanges,2,0,5,20,100,healthy,true
analytics,emergencyChanges,3,0,5,20,100,healthy,true
analytics,emergencyChanges,4,0,5,20,100,healthy,true
analytics,emergencyChanges,5,0,5,20,100,healthy,true
analytics,emergencyChanges,6,2,5,20,100,healthy,true
analytics,changeLeadTime,1,7,5,10,80,healthy,true
analytics,changeLeadTime,2,7,5,10,80,healthy,true
analytics,changeLeadTime,3,6,5,10,90,healthy,true
analytics,changeLeadTime,4,6,5,10,90,healthy,true
analytics,changeLeadTime,5,6,5,10,90,healthy,true
analytics,changeLeadTime,6,5,5,10,100,healthy,true
analytics,applications,1,10,12,24,100,healthy,false
analytics,applications,2,9,12,24,100,healthy,false
analytics,applications,3,7,12,24,100,healthy,false
analytics,applications,4,7,12,24,100,healthy,false
analytics,applications,5,4,12,24,100,healthy,false
analytics,applications,6,4,12,24,100,healthy,false
analytics,infraFootprint,1,71,60,120,91,healthy,true
analytics,infraFootprint,2,67,60,120,94,healthy,true
analytics,infraFootprint,3,56,60,120,100,healthy,true
analytics,infraFootprint,4,52,60,120,100,healthy,true
analytics,infraFootprint,5,42,60,120,100,healthy,true
analytics,infraFootprint,6,40,60,120,100,healthy,true
analytics,currency,1,100,90,30,100,healthy,true
analytics,currency,2,100,90,30,100,healthy,true
analytics,currency,3,98,90,30,100,healthy,true
analytics,currency,4,98,90,30,100,healthy,true
analytics,currency,5,95,90,30,100,healthy,true
analytics,currency,6,94,90,30,100,healthy,true
analytics,cloudMigration,1,80,70,30,100,healthy,true
analytics,cloudMigration,2,79,70,30,100,healthy,true
analytics,cloudMigration,3,77,70,30,100,healthy,true
analytics,cloudMigration,4,77,70,30,100,healthy,true
analytics,cloudMigration,5,75,70,30,100,healthy,true
analytics,cloudMigration,6,73,70,30,100,healthy,true
analytics,endOfSupport,1,0,5,10,100,healthy,true
analytics,endOfSupport,2,0,5,10,100,healthy,true
analytics,endOfSupport,3,0,5,10,100,healthy,true
analytics,endOfSupport,4,1,5,10,100,healthy,true
analytics,endOfSupport,5,1,5,10,100,healthy,true
analytics,endOfSupport,6,2,5,10,100,healthy,true
analytics,auditActions,1,0,2,5,100,healthy,true
analytics,auditActions,2,0,2,5,100,healthy,true
analytics,auditActions,3,0,2,5,100,healthy,true
analytics,auditActions,4,1,2,5,100,healthy,true
analytics,auditActions,5,1,2,5,100,healthy,true
analytics,auditActions,6,1,2,5,100,healthy,true
analytics,regActions,1,2,1,5,80,healthy,true
analytics,regActions,2,2,1,5,80,healthy,true
analytics,regActions,3,2,1,5,80,healthy,true
analytics,regActions,4,1,1,5,100,healthy,true
analytics,regActions,5,1,1,5,100,healthy,true
analytics,regActions,6,1,1,5,100,healthy,true
analytics,overdueActions,1,0,0,5,100,healthy,true
analytics,overdueActions,2,0,0,5,100,healthy,true
analytics,overdueActions,3,0,0,5,100,healthy,true
analytics,overdueActions,4,0,0,5,100,healthy,true
analytics,overdueActions,5,0,0,5,100,healthy,true
analytics,overdueActions,6,0,0,5,100,healthy,true
analytics,milestones,1,12,6,12,50,act,false
analytics,milestones,2,12,6,12,50,act,false
analytics,milestones,3,11,6,12,58,act,false
analytics,milestones,4,11,6,12,58,act,false
analytics,milestones,5,11,6,12,58,act,false
analytics,milestones,6,10,6,12,67,watch,false
analytics,roadmapHealth,1,98,85,30,100,healthy,true
analytics,roadmapHealth,2,96,85,30,100,healthy,true
analytics,roadmapHealth,3,94,85,30,100,healthy,true
analytics,roadmapHealth,4,92,85,30,100,healthy,true
analytics,roadmapHealth,5,92,85,30,100,healthy,true
analytics,roadmapHealth,6,90,85,30,100,healthy,true
analytics,commitmentsAtRisk,1,0,1,5,100,healthy,true
analytics,commitmentsAtRisk,2,0,1,5,100,healthy,true
analytics,commitmentsAtRisk,3,0,1,5,100,healthy,true
analytics,commitmentsAtRisk,4,0,1,5,100,healthy,true
analytics,commitmentsAtRisk,5,0,1,5,100,healthy,true
analytics,commitmentsAtRisk,6,0,1,5,100,healthy,true
analytics,vacancies,1,1,1,5,100,healthy,true
analytics,vacancies,2,1,1,5,100,healthy,true
analytics,vacancies,3,1,1,5,100,healthy,true
analytics,vacancies,4,2,1,5,80,healthy,true
analytics,vacancies,5,2,1,5,80,healthy,true
analytics,vacancies,6,2,1,5,80,healthy,true
analytics,skillsRisks,1,0,1,5,100,healthy,true
analytics,skillsRisks,2,0,1,5,100,healthy,true
analytics,skillsRisks,3,0,1,5,100,healthy,true
analytics,skillsRisks,4,0,1,5,100,healthy,true
analytics,skillsRisks,5,0,1,5,100,healthy,true
analytics,skillsRisks,6,0,1,5,100,healthy,true
analytics,contractorDependency,1,15,20,20,100,healthy,true
analytics,contractorDependency,2,16,20,20,100,healthy,true
analytics,contractorDependency,3,16,20,20,100,healthy,true
analytics,contractorDependency,4,18,20,20,100,healthy,true
analytics,contractorDependency,5,18,20,20,100,healthy,true
analytics,contractorDependency,6,20,20,20,100,healthy,true
analytics,runCostVsBudget,1,92,100,20,100,healthy,true
analytics,runCostVsBudget,2,93,100,20,100,healthy,true
analytics,runCostVsBudget,3,94,100,20,100,healthy,true
analytics,runCostVsBudget,4,94,100,20,100,healthy,true
analytics,runCostVsBudget,5,96,100,20,100,healthy,true
analytics,runCostVsBudget,6,97,100,20,100,healthy,true
analytics,cloudSpendTrend,1,-4,3,20,100,healthy,true
analytics,cloudSpendTrend,2,-2,3,20,100,healthy,true
analytics,cloudSpendTrend,3,-3,3,20,100,healthy,true
analytics,cloudSpendTrend,4,-1,3,20,100,healthy,true
analytics,cloudSpendTrend,5,-1,3,20,100,healthy,true
analytics,cloudSpendTrend,6,1,3,20,100,healthy,true
analytics,orphanedSpend,1,9500,5000,10000,55,act,true
analytics,orphanedSpend,2,8600,5000,10000,64,watch,true
analytics,orphanedSpend,3,7700,5000,10000,73,watch,true
analytics,orphanedSpend,4,7400,5000,10000,76,watch,true
analytics,orphanedSpend,5,7000,5000,10000,80,healthy,true
analytics,orphanedSpend,6,6700,5000,10000,83,healthy,true
analytics,sloAttainment,1,100,99,30,100,healthy,true
analytics,sloAttainment,2,100,99,30,100,healthy,true
analytics,sloAttainment,3,100,99,30,100,healthy,true
analytics,sloAttainment,4,100,99,30,100,healthy,true
analytics,sloAttainment,5,100,99,30,100,healthy,true
analytics,sloAttainment,6,100,99,30,100,healthy,true
analytics,monitoringCoverage,1,100,90,30,100,healthy,true
analytics,monitoringCoverage,2,100,90,30,100,healthy,true
analytics,monitoringCoverage,3,100,90,30,100,healthy,true
analytics,monitoringCoverage,4,100,90,30,100,healthy,true
analytics,monitoringCoverage,5,99,90,30,100,healthy,true
analytics,monitoringCoverage,6,99,90,30,100,healthy,true
analytics,alertNoise,1,66,70,30,87,healthy,true
analytics,alertNoise,2,67,70,30,90,healthy,true
analytics,alertNoise,3,69,70,30,97,healthy,true
analytics,alertNoise,4,72,70,30,100,healthy,true
analytics,alertNoise,5,73,70,30,100,healthy,true
analytics,alertNoise,6,74,70,30,100,healthy,true
reporting,openSncs,1,7,6,12,92,healthy,true
reporting,openSncs,2,7,6,12,92,healthy,true
reporting,openSncs,3,9,6,12,75,watch,true
reporting,openSncs,4,9,6,12,75,watch,true
reporting,openSncs,5,10,6,12,67,watch,true
reporting,openSncs,6,12,6,12,50,act,true
reporting,sncAge,1,16,14,28,93,healthy,true
reporting,sncAge,2,19,14,28,82,healthy,true
reporting,sncAge,3,22,14,28,71,watch,true
reporting,sncAge,4,24,14,28,64,watch,true
reporting,sncAge,5,26,14,28,57,act,true
reporting,sncAge,6,30,14,28,43,act,true
reporting,repeatSncs,1,11,10,20,95,healthy,true
reporting,repeatSncs,2,12,10,20,90,healthy,true
reporting,repeatSncs,3,14,10,20,80,healthy,true
reporting,repeatSncs,4,17,10,20,65,watch,true
reporting,repeatSncs,5,17,10,20,65,watch,true
reporting,repeatSncs,6,20,10,20,50,act,true
reporting,p1p2Incidents,1,5,6,12,100,healthy,true
reporting,p1p2Incidents,2,6,6,12,100,healthy,true
reporting,p1p2Incidents,3,7,6,12,92,healthy,true
reporting,p1p2Incidents,4,8,6,12,83,healthy,true
reporting,p1p2Incidents,5,9,6,12,75,watch,true
reporting,p1p2Incidents,6,10,6,12,67,watch,true
reporting,majorIncidents,1,3,1,5,60,watch,true
reporting,majorIncidents,2,3,1,5,60,watch,true
reporting,majorIncidents,3,4,1,5,40,act,true
reporting,majorIncidents,4,4,1,5,40,act,true
reporting,majorIncidents,5,4,1,5,40,act,true
reporting,majorIncidents,6,5,1,5,20,act,true
reporting,mttr,1,4,4,8,100,healthy,true
reporting,mttr,2,5,4,8,88,healthy,true
reporting,mttr,3,6,4,8,75,watch,true
reporting,mttr,4,7,4,8,63,watch,true
reporting,mttr,5,7,4,8,63,watch,true
reporting,mttr,6,8,4,8,50,act,true
reporting,repeatIncidents,1,12,10,20,90,healthy,true
reporting,repeatIncidents,2,14,10,20,80,healthy,true
reporting,repeatIncidents,3,16,10,20,70,watch,true
reporting,repeatIncidents,4,17,10,20,65,watch,true
reporting,repeatIncidents,5,18,10,20,60,watch,true
reporting,repeatIncidents,6,21,10,20,45,act,true
reporting,incidentBacklog,1,9,5,10,60,watch,true
reporting,incidentBacklog,2,9,5,10,60,watch,true
reporting,incidentBacklog,3,11,5,10,40,act,true
reporting,incidentBacklog,4,11,5,10,40,act,true
reporting,incidentBacklog,5,12,5,10,30,act,true
reporting,incidentBacklog,6,13,5,10,20,act,true
reporting,openProblems,1,12,8,16,75,watch,true
reporting,openProblems,2,13,8,16,69,watch,true
reporting,openProblems,3,14,8,16,63,watch,true
reporting,openProblems,4,15,8,16,56,act,true
reporting,openProblems,5,16,8,16,50,act,true
reporting,openProblems,6,18,8,16,38,act,true
reporting,rcaOverdue,1,0,0,5,100,healthy,true
reporting,rcaOverdue,2,1,0,5,80,healthy,true
reporting,rcaOverdue,3,1,0,5,80,healthy,true
reporting,rcaOverdue,4,1,0,5,80,healthy,true
reporting,rcaOverdue,5,1,0,5,80,healthy,true
reporting,rcaOverdue,6,2,0,5,60,watch,true
reporting,knownErrors,1,12,10,20,90,healthy,true
reporting,knownErrors,2,14,10,20,80,healthy,true
reporting,knownErrors,3,15,10,20,75,watch,true
reporting,knownErrors,4,17,10,20,65,watch,true
reporting,knownErrors,5,19,10,20,55,act,true
reporting,knownErrors,6,20,10,20,50,act,true
reporting,problemAge,1,39,30,60,85,healthy,true
reporting,problemAge,2,47,30,60,72,watch,true
reporting,problemAge,3,51,30,60,65,watch,true
reporting,problemAge,4,58,30,60,53,act,true
reporting,problemAge,5,64,30,60,43,act,true
reporting,problemAge,6,66,30,60,40,act,true
reporting,problemLinkage,1,88,80,30,100,healthy,true
reporting,problemLinkage,2,84,80,30,100,healthy,true
reporting,problemLinkage,3,82,80,30,100,healthy,true
reporting,problemLinkage,4,80,80,30,100,healthy,true
reporting,problemLinkage,5,76,80,30,87,healthy,true
reporting,problemLinkage,6,74,80,30,80,healthy,true
reporting,serviceMaturity,1,2.95,4,4,74,watch,true
reporting,serviceMaturity,2,2.9250000000000003,4,4,73,watch,true
reporting,serviceMaturity,3,2.8499999999999996,4,4,71,watch,true
reporting,serviceMaturity,4,2.925,4,4,73,watch,true
reporting,serviceMaturity,5,2.775,4,4,69,watch,true
reporting,serviceMaturity,6,2.725,4,4,68,watch,true
reporting,triageMaturity,1,3.2,4,4,80,healthy,true
reporting,triageMaturity,2,3.1,4,4,78,watch,true
reporting,triageMaturity,3,3,4,4,75,watch,true
reporting,triageMaturity,4,3,4,4,75,watch,true
reporting,triageMaturity,5,2.9,4,4,73,watch,true
reporting,triageMaturity,6,2.8,4,4,70,watch,true
reporting,incidentMaturity,1,3.8,4,4,95,healthy,true
reporting,incidentMaturity,2,3.7,4,4,93,healthy,true
reporting,incidentMaturity,3,3.6,4,4,90,healthy,true
reporting,incidentMaturity,4,3.6,4,4,90,healthy,true
reporting,incidentMaturity,5,3.2,4,4,80,healthy,true
reporting,incidentMaturity,6,3.2,4,4,80,healthy,true
reporting,recoveryMaturity,1,1.8,4,4,45,act,true
reporting,recoveryMaturity,2,2,4,4,50,act,true
reporting,recoveryMaturity,3,2.1,4,4,53,act,true
reporting,recoveryMaturity,4,2.4,4,4,60,watch,true
reporting,recoveryMaturity,5,2.5,4,4,63,watch,true
reporting,recoveryMaturity,6,2.5,4,4,63,watch,true
reporting,resolutionMaturity,1,3,4,4,75,watch,true
reporting,resolutionMaturity,2,2.9,4,4,73,watch,true
reporting,resolutionMaturity,3,2.7,4,4,68,watch,true
reporting,resolutionMaturity,4,2.7,4,4,68,watch,true
reporting,resolutionMaturity,5,2.5,4,4,63,watch,true
reporting,resolutionMaturity,6,2.4,4,4,60,watch,true
reporting,runbookCoverage,1,98,90,30,100,healthy,true
reporting,runbookCoverage,2,96,90,30,100,healthy,true
reporting,runbookCoverage,3,95,90,30,100,healthy,true
reporting,runbookCoverage,4,93,90,30,100,healthy,true
reporting,runbookCoverage,5,91,90,30,100,healthy,true
reporting,runbookCoverage,6,88,90,30,93,healthy,true
reporting,mtta,1,10,15,30,100,healthy,true
reporting,mtta,2,12,15,30,100,healthy,true
reporting,mtta,3,13,15,30,100,healthy,true
reporting,mtta,4,16,15,30,97,healthy,true
reporting,mtta,5,20,15,30,83,healthy,true
reporting,mtta,6,21,15,30,80,healthy,true
reporting,techDebt,1,91,25,50,0,act,true
reporting,techDebt,2,85,25,50,0,act,true
reporting,techDebt,3,83,25,50,0,act,true
reporting,techDebt,4,77,25,50,0,act,true
reporting,techDebt,5,71,25,50,8,act,true
reporting,techDebt,6,68,25,50,14,act,true
reporting,archExceptions,1,7,2,5,0,act,true
reporting,archExceptions,2,7,2,5,0,act,true
reporting,archExceptions,3,6,2,5,20,act,true
reporting,archExceptions,4,6,2,5,20,act,true
reporting,archExceptions,5,5,2,5,40,act,true
reporting,archExceptions,6,5,2,5,40,act,true
reporting,strategicAlignment,1,38,80,30,0,act,true
reporting,strategicAlignment,2,41,80,30,0,act,true
reporting,strategicAlignment,3,43,80,30,0,act,true
reporting,strategicAlignment,4,47,80,30,0,act,true
reporting,strategicAlignment,5,48,80,30,0,act,true
reporting,strategicAlignment,6,51,80,30,3,act,true
reporting,brams,1,3,2,5,80,healthy,true
reporting,brams,2,3,2,5,80,healthy,true
reporting,brams,3,4,2,5,60,watch,true
reporting,brams,4,4,2,5,60,watch,true
reporting,brams,5,4,2,5,60,watch,true
reporting,brams,6,5,2,5,40,act,true
reporting,techRisks,1,9,5,10,60,watch,true
reporting,techRisks,2,10,5,10,50,act,true
reporting,techRisks,3,11,5,10,40,act,true
reporting,techRisks,4,12,5,10,30,act,true
reporting,techRisks,5,13,5,10,20,act,true
reporting,techRisks,6,14,5,10,10,act,true
reporting,riskTrend,1,2,0,5,60,watch,true
reporting,riskTrend,2,2,0,5,60,watch,true
reporting,riskTrend,3,2,0,5,60,watch,true
reporting,riskTrend,4,3,0,5,40,act,true
reporting,riskTrend,5,3,0,5,40,act,true
reporting,riskTrend,6,4,0,5,20,act,true
reporting,vulns,1,21,15,30,80,healthy,true
reporting,vulns,2,26,15,30,63,watch,true
reporting,vulns,3,28,15,30,57,act,true
reporting,vulns,4,30,15,30,50,act,true
reporting,vulns,5,34,15,30,37,act,true
reporting,vulns,6,36,15,30,30,act,true
reporting,patchCompliance,1,89,95,30,80,healthy,true
reporting,patchCompliance,2,88,95,30,77,watch,true
reporting,patchCompliance,3,83,95,30,60,watch,true
reporting,patchCompliance,4,81,95,30,53,act,true
reporting,patchCompliance,5,79,95,30,47,act,true
reporting,patchCompliance,6,76,95,30,37,act,true
reporting,criticalFindings,1,0,0,5,100,healthy,true
reporting,criticalFindings,2,0,0,5,100,healthy,true
reporting,criticalFindings,3,0,0,5,100,healthy,true
reporting,criticalFindings,4,1,0,5,80,healthy,true
reporting,criticalFindings,5,2,0,5,60,watch,true
reporting,criticalFindings,6,2,0,5,60,watch,true
reporting,drCompliance,1,86,90,30,87,healthy,true
reporting,drCompliance,2,83,90,30,77,watch,true
reporting,drCompliance,3,80,90,30,67,watch,true
reporting,drCompliance,4,76,90,30,53,act,true
reporting,drCompliance,5,75,90,30,50,act,true
reporting,drCompliance,6,72,90,30,40,act,true
reporting,resilienceActions,1,9,3,6,0,act,true
reporting,resilienceActions,2,8,3,6,17,act,true
reporting,resilienceActions,3,8,3,6,17,act,true
reporting,resilienceActions,4,7,3,6,33,act,true
reporting,resilienceActions,5,6,3,6,50,act,true
reporting,resilienceActions,6,6,3,6,50,act,true
reporting,controlHealth,1,51,90,30,0,act,true
reporting,controlHealth,2,54,90,30,0,act,true
reporting,controlHealth,3,57,90,30,0,act,true
reporting,controlHealth,4,59,90,30,0,act,true
reporting,controlHealth,5,64,90,30,13,act,true
reporting,controlHealth,6,66,90,30,20,act,true
reporting,failedChanges,1,5,2,5,40,act,true
reporting,failedChanges,2,5,2,5,40,act,true
reporting,failedChanges,3,5,2,5,40,act,true
reporting,failedChanges,4,6,2,5,20,act,true
reporting,failedChanges,5,6,2,5,20,act,true
reporting,failedChanges,6,7,2,5,0,act,true
reporting,changeSuccess,1,92,95,30,90,healthy,true
reporting,changeSuccess,2,89,95,30,80,healthy,true
reporting,changeSuccess,3,87,95,30,73,watch,true
reporting,changeSuccess,4,83,95,30,60,watch,true
reporting,changeSuccess,5,80,95,30,50,act,true
reporting,changeSuccess,6,78,95,30,43,act,true
reporting,releases,1,5,8,8,63,watch,true
reporting,releases,2,4,8,8,50,act,true
reporting,releases,3,3,8,8,38,act,true
reporting,releases,4,3,8,8,38,act,true
reporting,releases,5,2,8,8,25,act,true
reporting,releases,6,1,8,8,13,act,true
reporting,emergencyChanges,1,29,5,20,0,act,true
reporting,emergencyChanges,2,26,5,20,0,act,true
reporting,emergencyChanges,3,26,5,20,0,act,true
reporting,emergencyChanges,4,22,5,20,15,act,true
reporting,emergencyChanges,5,21,5,20,20,act,true
reporting,emergencyChanges,6,19,5,20,30,act,true
reporting,changeLeadTime,1,11,5,10,40,act,true
reporting,changeLeadTime,2,12,5,10,30,act,true
reporting,changeLeadTime,3,13,5,10,20,act,true
reporting,changeLeadTime,4,13,5,10,20,act,true
reporting,changeLeadTime,5,14,5,10,10,act,true
reporting,changeLeadTime,6,15,5,10,0,act,true
reporting,applications,1,0,12,24,100,healthy,false
reporting,applications,2,1,12,24,100,healthy,false
reporting,applications,3,3,12,24,100,healthy,false
reporting,applications,4,6,12,24,100,healthy,false
reporting,applications,5,7,12,24,100,healthy,false
reporting,applications,6,10,12,24,100,healthy,false
reporting,infraFootprint,1,61,60,120,99,healthy,true
reporting,infraFootprint,2,69,60,120,93,healthy,true
reporting,infraFootprint,3,73,60,120,89,healthy,true
reporting,infraFootprint,4,92,60,120,73,watch,true
reporting,infraFootprint,5,107,60,120,61,watch,true
reporting,infraFootprint,6,113,60,120,56,act,true
reporting,currency,1,87,90,30,90,healthy,true
reporting,currency,2,85,90,30,83,healthy,true
reporting,currency,3,82,90,30,73,watch,true
reporting,currency,4,80,90,30,67,watch,true
reporting,currency,5,77,90,30,57,act,true
reporting,currency,6,74,90,30,47,act,true
reporting,cloudMigration,1,54,70,30,47,act,true
reporting,cloudMigration,2,52,70,30,40,act,true
reporting,cloudMigration,3,48,70,30,27,act,true
reporting,cloudMigration,4,46,70,30,20,act,true
reporting,cloudMigration,5,42,70,30,7,act,true
reporting,cloudMigration,6,39,70,30,0,act,true
reporting,endOfSupport,1,7,5,10,80,healthy,true
reporting,endOfSupport,2,8,5,10,70,watch,true
reporting,endOfSupport,3,9,5,10,60,watch,true
reporting,endOfSupport,4,10,5,10,50,act,true
reporting,endOfSupport,5,11,5,10,40,act,true
reporting,endOfSupport,6,12,5,10,30,act,true
reporting,auditActions,1,4,2,5,60,watch,true
reporting,auditActions,2,4,2,5,60,watch,true
reporting,auditActions,3,5,2,5,40,act,true
reporting,auditActions,4,5,2,5,40,act,true
reporting,auditActions,5,5,2,5,40,act,true
reporting,auditActions,6,6,2,5,20,act,true
reporting,regActions,1,3,1,5,60,watch,true
reporting,regActions,2,3,1,5,60,watch,true
reporting,regActions,3,3,1,5,60,watch,true
reporting,regActions,4,4,1,5,40,act,true
reporting,regActions,5,4,1,5,40,act,true
reporting,regActions,6,5,1,5,20,act,true
reporting,overdueActions,1,4,0,5,20,act,true
reporting,overdueActions,2,4,0,5,20,act,true
reporting,overdueActions,3,3,0,5,40,act,true
reporting,overdueActions,4,3,0,5,40,act,true
reporting,overdueActions,5,3,0,5,40,act,true
reporting,overdueActions,6,2,0,5,60,watch,true
reporting,milestones,1,0,6,12,100,healthy,false
reporting,milestones,2,1,6,12,100,healthy,false
reporting,milestones,3,1,6,12,100,healthy,false
reporting,milestones,4,3,6,12,100,healthy,false
reporting,milestones,5,4,6,12,100,healthy,false
reporting,milestones,6,5,6,12,100,healthy,false
reporting,roadmapHealth,1,84,85,30,97,healthy,true
reporting,roadmapHealth,2,81,85,30,87,healthy,true
reporting,roadmapHealth,3,78,85,30,77,watch,true
reporting,roadmapHealth,4,75,85,30,67,watch,true
reporting,roadmapHealth,5,72,85,30,57,act,true
reporting,roadmapHealth,6,69,85,30,47,act,true
reporting,commitmentsAtRisk,1,3,1,5,60,watch,true
reporting,commitmentsAtRisk,2,3,1,5,60,watch,true
reporting,commitmentsAtRisk,3,4,1,5,40,act,true
reporting,commitmentsAtRisk,4,4,1,5,40,act,true
reporting,commitmentsAtRisk,5,5,1,5,20,act,true
reporting,commitmentsAtRisk,6,5,1,5,20,act,true
reporting,vacancies,1,2,1,5,80,healthy,true
reporting,vacancies,2,2,1,5,80,healthy,true
reporting,vacancies,3,3,1,5,60,watch,true
reporting,vacancies,4,3,1,5,60,watch,true
reporting,vacancies,5,3,1,5,60,watch,true
reporting,vacancies,6,4,1,5,40,act,true
reporting,skillsRisks,1,2,1,5,80,healthy,true
reporting,skillsRisks,2,2,1,5,80,healthy,true
reporting,skillsRisks,3,2,1,5,80,healthy,true
reporting,skillsRisks,4,3,1,5,60,watch,true
reporting,skillsRisks,5,4,1,5,40,act,true
reporting,skillsRisks,6,4,1,5,40,act,true
reporting,contractorDependency,1,20,20,20,100,healthy,true
reporting,contractorDependency,2,22,20,20,90,healthy,true
reporting,contractorDependency,3,25,20,20,75,watch,true
reporting,contractorDependency,4,26,20,20,70,watch,true
reporting,contractorDependency,5,28,20,20,60,watch,true
reporting,contractorDependency,6,30,20,20,50,act,true
reporting,runCostVsBudget,1,108,100,20,60,watch,true
reporting,runCostVsBudget,2,110,100,20,50,act,true
reporting,runCostVsBudget,3,110,100,20,50,act,true
reporting,runCostVsBudget,4,113,100,20,35,act,true
reporting,runCostVsBudget,5,115,100,20,25,act,true
reporting,runCostVsBudget,6,117,100,20,15,act,true
reporting,cloudSpendTrend,1,13,3,20,50,act,true
reporting,cloudSpendTrend,2,14,3,20,45,act,true
reporting,cloudSpendTrend,3,17,3,20,30,act,true
reporting,cloudSpendTrend,4,18,3,20,25,act,true
reporting,cloudSpendTrend,5,20,3,20,15,act,true
reporting,cloudSpendTrend,6,22,3,20,5,act,true
reporting,orphanedSpend,1,18600,5000,10000,0,act,true
reporting,orphanedSpend,2,17100,5000,10000,0,act,true
reporting,orphanedSpend,3,16300,5000,10000,0,act,true
reporting,orphanedSpend,4,15600,5000,10000,0,act,true
reporting,orphanedSpend,5,14700,5000,10000,3,act,true
reporting,orphanedSpend,6,13500,5000,10000,15,act,true
reporting,sloAttainment,1,61,99,30,0,act,true
reporting,sloAttainment,2,64,99,30,0,act,true
reporting,sloAttainment,3,65,99,30,0,act,true
reporting,sloAttainment,4,70,99,30,3,act,true
reporting,sloAttainment,5,72,99,30,10,act,true
reporting,sloAttainment,6,74,99,30,17,act,true
reporting,monitoringCoverage,1,76,90,30,53,act,true
reporting,monitoringCoverage,2,74,90,30,47,act,true
reporting,monitoringCoverage,3,72,90,30,40,act,true
reporting,monitoringCoverage,4,67,90,30,23,act,true
reporting,monitoringCoverage,5,64,90,30,13,act,true
reporting,monitoringCoverage,6,62,90,30,7,act,true
reporting,alertNoise,1,55,70,30,50,act,true
reporting,alertNoise,2,53,70,30,43,act,true
reporting,alertNoise,3,50,70,30,33,act,true
reporting,alertNoise,4,46,70,30,20,act,true
reporting,alertNoise,5,45,70,30,17,act,true
reporting,alertNoise,6,41,70,30,3,act,true
